scheme_code,cagr_1y,cagr_3y,cagr_5y,cagr_10y,annual_volatility,max_drawdown,sharpe_3y,data_start,data_end,scheme_name,fund_house,scheme_category,expense_ratio,aum_cr
100081,0.0009678984117038,0.1106003766938412,0.0917856787754312,0.1125062965457828,0.1378684368179109,-0.4402195742401928,0.3670192965244936,2006-04-03,2026-08-06,DSP Aggressive Hybrid Fund- Regular Plan - Growth,DSP Mutual Fund,Hybrid Scheme - Aggressive Hybrid Fund,1.27,23145
100363,-0.0390340222244202,0.0814548058883042,0.0531556370585692,0.1637306226465107,0.2030032056729407,-0.7016666666666667,0.1056870300012412,2006-04-02,2026-08-06,ICICI Prudential Technology Fund - Growth,ICICI Prudential Mutual Fund,Equity Scheme - Sectoral/ Thematic,1.72,7524
100377,0.1227241814412569,0.2093045492106326,0.1902007048593905,0.1799632965897568,0.1949994206991207,-0.6265177189409369,0.7656666295486381,2006-04-03,2026-08-06,Nippon India Growth Mid Cap Fund-Growth Plan-Growth Option,Nippon India Mutual Fund,Equity Scheme - Mid Cap Fund,1.54,17100
100383,0.0105635233207501,0.0050981503133609,0.0025612731335742,0.0022739501602169,0.0507945201157247,-0.2028000269233358,-1.0808616669978688,2006-04-03,2026-08-06,NIPPON INDIA MEDIUM TO LONG DURATION FUND - MONTHLY IDCW Option,Nippon India Mutual Fund,Debt Scheme - Medium to Long Duration Fund,0.61,5504
100651,0.006075606872838,0.0860413045054726,0.0820560945238861,0.1095114493135822,0.1829876392958273,-0.5555945898471808,0.1423118228405194,2006-04-03,2026-08-06,UTI Large Cap Fund - Regular Plan - Growth Option,UTI Mutual Fund,Equity Scheme - Large Cap Fund,1.25,22600
100806,0.1798564756939862,0.2326203699474436,0.1483549446502785,0.1361365517674397,0.1648272452207902,-0.3865886588658865,1.0472805616341785,2006-04-03,2026-08-06,UTI Healthcare Fund - Regular Plan - IDCW,UTI Mutual Fund,Equity Scheme - Sectoral/ Thematic,1.67,5148
100844,0.0016312699269802,-0.0003111636939264,0.0009307108117071,-0.0002289800458984,19.851904686564385,-0.3413693457212264,-0.003038054264624,2006-04-21,2026-08-06,NIPPON INDIA LIQUID FUND - RETAIL Plan - QUARTERLY IDCW OPTION,Nippon India Mutual Fund,Debt Scheme - Liquid Fund,0.3,19410
101042,0.0298617711910622,0.060030918004889,0.0538901197985079,0.0584722451502739,0.2308321124806855,-1.0,0.000133941523806,2006-04-03,2026-08-06,Tata Gilt Securities Fund -Regular Plan- Growth Option,Tata Mutual Fund,Debt Scheme - Gilt Fund,0.73,12524
101071,0.1986362663102718,0.2135480397885791,0.180285699671203,0.1802900124578192,0.0899603540825625,-0.3257823994020312,1.7068412119371827,2006-04-03,2026-08-06,quant Multi Asset Allocation Fund - IDCW Option - Regular Plan,quant Mutual Fund,Hybrid Scheme - Multi Asset Allocation,1.27,23085
101706,0.023244897355054,0.0783525829216162,0.0562907506287853,0.038550489058879,0.2134121391257598,-0.6949765088543549,0.0859959653504126,2006-04-02,2026-08-06,ICICI Prudential Multicap Fund - IDCW,ICICI Prudential Mutual Fund,Equity Scheme - Multi Cap Fund,1.37,19530
101818,0.0562484842051267,0.083781388036833,0.0788145354606484,0.0775072459554884,0.055375445448513,-0.2326861229931319,0.4294572773946252,2006-04-03,2026-08-06,Aditya Birla Sun Life Regular Savings Fund - Growth / Payment - Regular Plan,Aditya Birla Sun Life Mutual Fund,Hybrid Scheme - Conservative Hybrid Fund,1.24,20655
101862,0.0578316034763528,0.1298079358036317,0.1347535133912798,0.1302206030039565,0.2433380864886888,-0.5742112715944492,0.2868763242571015,2006-04-03,2026-08-06,Nippon India Banking & Financial Services Fund-Growth Plan-Growth Option,Nippon India Mutual Fund,Equity Scheme - Sectoral/ Thematic,1.65,4164
101922,0.0158465708344937,0.1144193814455918,0.1066579508967624,0.1355577933530691,0.2985557435343509,-1.0,0.1822754464588972,2006-04-03,2026-07-31,,,,1.34,10440
101923,-0.0350267612378747,0.0572774903658481,0.051680771915926,0.0611164775221175,0.3035567101138893,-1.0,-0.0089687018716548,2006-04-03,2026-07-31,,,,1.34,10440
102008,-0.9007325557011058,-0.5369646391153762,-0.3753370761986809,-0.2135481415393044,0.1720829201845264,-0.9102376154937624,-3.4690522364174448,2006-04-01,2026-08-06,UTI Liquid Fund - Discontinued - Regular Plan - Monthly Dividend Option,UTI Mutual Fund,Income/Debt Oriented Schemes - Liquid Fund,0.3,18990
102149,-0.0498525264280937,-0.0068089470679939,-0.0008568213264101,-0.0048837612267037,0.0673667694293443,-0.2631689790291907,-0.9917196213195963,2006-04-03,2026-08-06,HDFC Hybrid Debt Fund - IDCW Quarterly,HDFC Mutual Fund,Hybrid Scheme - Conservative Hybrid Fund,1.17,16080
102395,0.0543480672498311,0.1543467425529778,0.1470194101597133,0.1284928801276377,0.2087612825765345,-0.6203155818540433,0.4519360170073162,2006-04-03,2026-08-06,UTI Infrastructure Fund-Growth Option,UTI Mutual Fund,Equity Scheme - Sectoral/ Thematic,1.7,6780
102448,0.0427239858047223,0.0844278765274066,0.0722981093982071,0.0658780962777785,0.0460795175167822,-0.1218026925250477,0.530124398948188,2006-04-03,2026-08-06,DSP Regular Savings Fund- Regular Plan - Growth,DSP Mutual Fund,Hybrid Scheme - Conservative Hybrid Fund,1.25,21675
102536,-0.0261158163852994,0.0209669360513635,0.01808680026059,0.0117198059066088,0.0520757370718942,-0.2094152882032052,-0.7495441474932661,2006-04-03,2026-08-06,UTI Conservative Hybrid Fund - Regular Plan - Monthly IDCW,UTI Mutual Fund,Hybrid Scheme - Conservative Hybrid Fund,1.14,13770
102913,0.0599478166070863,0.0697011432933374,0.0610455450462774,0.0637578739204252,0.0056527465118498,-0.0145794667186297,1.7161822616671174,2006-04-01,2026-08-06,CANARA ROBECO SAVINGS FUND - REGULAR PLAN - GROWTH OPTION,Canara Robeco Mutual Fund,Debt Scheme - Low Duration Fund,0.71,11780
103050,-0.0031427768024266,0.0009368442727961,0.000618183104277,0.0006253314102562,20.76147247262569,-0.0112929676483272,-0.0028448442568358,2006-04-02,2026-08-06,NIPPON INDIA MONEY MARKET FUND - DAILY IDCW Option,Nippon India Mutual Fund,Debt Scheme - Money Market Fund,0.34,31470
103168,-0.0211211872922635,0.0632183536802453,0.0533551018303688,0.160603992532013,0.2037114515365824,-0.6614690192860073,0.0157985898974725,2006-04-03,2026-08-06,Aditya Birla Sun Life Digital India Fund - Growth - Regular Plan,Aditya Birla Sun Life Mutual Fund,Equity Scheme - Sectoral/ Thematic,1.73,7992
103215,0.0077298159470982,0.0809968032794121,0.0890092424265092,0.11174666985939,0.1911479917316647,-0.6489675516224189,0.1098457958631742,2006-04-03,2026-07-31,,,,1.34,10440
103216,0.0077334854539992,0.0809981197149234,0.0890084118177603,0.0808068066838607,0.2029088842278312,-0.695673076923077,0.1034854624272942,2006-04-03,2026-07-31,,,,1.34,10440
103635,0.0007043986205939,9.770882414983362e-05,0.0001236823715933,0.0006474941376704,1.895586229071695,-0.013970573655093,-0.0316009318157926,2006-04-02,2026-08-06,ICICI Prudential Money Market Fund Option - Weekly IDCW,ICICI Prudential Mutual Fund,Debt Scheme - Money Market Fund,0.35,32100
103820,-0.0335024654791931,0.0593083987828242,0.0296881663456276,0.031660526866371,0.2218967817010363,-0.6714988412240458,-0.0031167699318305,2006-04-03,2026-08-06,DSP Large & Mid Cap Fund - Regular Plan - IDCW,DSP Mutual Fund,Equity Scheme - Large & Mid Cap Fund,1.53,16785
104637,0.052440399617444,0.1155803132016024,0.1156014117756061,0.1286616828740587,0.177222759644009,-0.6214156677905862,0.313618371101137,2006-12-27,2026-08-06,Nippon India Focused Fund -Growth Plan -Growth Option,Nippon India Mutual Fund,Equity Scheme - Focused Fund,1.36,12345
104686,0.0005351257298058,0.0197826045449274,0.011734382348127,0.010464366214038,0.2702752577221933,-1.0,-0.1488016172623935,2007-01-01,2026-08-06,ICICI Prudential Balanced Advantage Fund - IDCW,ICICI Prudential Mutual Fund,Hybrid Scheme - Dynamic Asset Allocation or Balanced Advantage,1.24,21330
105823,0.0497813659603902,0.0693634879232139,0.0581389756635393,0.0653424415585879,0.404848361176721,-1.0,0.0231283829234191,2007-05-31,2026-08-06,LIC MF Banking & PSU Fund-Regular Plan-Growth,LIC Mutual Fund,Debt Scheme - Banking and PSU Fund,0.6,4916
105856,0.0497824826753783,0.06936518094716,0.0549374402618854,0.0315869241371407,0.4048073766574144,-1.0,0.0231349068401135,2007-06-04,2026-08-06,LIC MF Banking & PSU Fund-Regular Plan-Monthly IDCW,LIC Mutual Fund,Debt Scheme - Banking and PSU Fund,0.67,9176
106168,0.0159686698455667,0.1396200171666035,0.150312650283819,0.1464700407092576,0.2367652524921514,-0.8490725419178653,0.3362825259557159,2007-07-23,2026-08-06,JM Value Fund (Regular) - IDCW,JM Financial Mutual Fund,Equity Scheme - Value Fund,1.37,12735
108377,0.0894501651426342,0.1813579968029084,0.1397364833903871,0.1335699155925616,0.2406743430262694,-0.47320692497939,0.5042415210401646,2008-07-16,2026-08-06,Invesco India Financial Services Fund - Regular Plan -  IDCW (Payout / Reinvestment),Invesco Mutual Fund,Equity Schemes - Sectoral Fund,1.82,12588
108465,-0.0649943740769278,0.0366993170124843,0.0338601180893172,0.0305735135787519,0.1961018782060462,-0.5011441647597255,-0.1188192749639727,2008-05-26,2026-08-06,ICICI Prudential Large Cap Fund (erstwhile Bluechip Fund)  - IDCW,ICICI Prudential Mutual Fund,Equity Scheme - Large Cap Fund,1.28,26250
108559,0.0435867428023326,0.0144111777337172,0.0094800799842444,0.0048094851283617,0.0821785898263285,-0.1574445098402818,-0.554753036802256,2012-12-11,2026-08-06,Bandhan Gilt Fund - Regular Plan - Annual IDCW,Bandhan Mutual Fund,Debt Scheme - Gilt Fund,0.66,8780
108594,0.0493637989334769,0.1325431498680906,0.1099472726088712,0.1076138653029277,0.162801426223266,-0.4550655773473296,0.4455928400074638,2008-06-02,2026-08-06,BANDHAN Flexi Cap Fund - Regular Plan - Growth,Bandhan Mutual Fund,Equity Scheme - Flexi Cap Fund,1.49,32950
108766,0.0226211879820954,0.0086633645844156,0.0063247646629838,0.0026709459657252,0.1160633169484815,-0.4062410628045391,-0.4423157700927314,2008-06-02,2026-08-06,Bandhan Medium to Long Duration Fund - Regular Plan - Annual IDCW,Bandhan Mutual Fund,Debt Scheme - Medium to Long Duration Fund,0.6,5240
108799,0.0566431234883988,0.135005114603012,0.1155066964202571,0.1220647103182768,0.1963694585249597,-0.4381892397783908,0.3819591659844517,2008-06-04,2026-08-06,BANDHAN Large Cap Fund - Regular Plan - Growth,Bandhan Mutual Fund,Equity Scheme - Large Cap Fund,1.39,40175
109473,0.003894656602646,0.0007177190627247,0.0004233167600673,0.0001203403801954,0.0146002466177896,-0.0214268676514222,-4.060361615059486,2008-07-23,2026-08-06,NIPPON INDIA CORPORATE BOND FUND - WEEKLY IDCW Option,Nippon India Mutual Fund,Debt Scheme - Corporate Bond Fund,0.65,7844
109522,0.0266352118706747,0.1441045878614451,0.1617574304530924,0.1536762853796405,0.208832397432027,-0.424090194864031,0.4027372615344337,2008-09-25,2026-07-31,,,,1.34,10440
109523,0.0266345789777284,0.1441048973225436,0.1617572446340351,0.1321864049221164,0.2135773172795137,-0.4240550040081395,0.3937913369914349,2008-09-25,2026-07-31,,,,1.34,10440
110601,0.1095625426288668,0.1510779828602542,0.1264105023345236,0.1315806377697046,0.187346809308178,-0.3842877425461429,0.4861464318318576,2008-10-29,2026-08-06,BANK OF INDIA Large & Mid Cap Fund Eco Plan-Bonus,Bank of India Mutual Fund,Equity Scheme - Large & Mid Cap Fund,1.51,15375
111569,0.0602760626486544,0.1054842650862368,0.1197454062736569,0.1441332386539204,0.1667882733525007,-0.4410916068048638,0.2727066128330712,2008-12-29,2026-08-06,BANDHAN ELSS Tax Saver Fund - Regular Plan - Growth,Bandhan Mutual Fund,Equity Scheme - ELSS,1.45,9228
111750,-0.0015206472103832,0.0019368879536223,0.0015674858064071,0.0006307758753691,0.0641269502070644,-0.2029089322267304,-0.905440097476852,2009-02-11,2026-08-06,NIPPON INDIA LOW DURATION FUND - QUARTERLY IDCW Option,Nippon India Mutual Fund,Debt Scheme - Low Duration Fund,0.71,11840
112077,0.063162588359575,0.0730913863374238,0.0657654414243038,0.0663868975067676,21.76332521114969,-0.007626346171519,0.0006015342880929,2009-07-13,2026-08-06,UTI MMF - Regular Plan - Growth Option,UTI Mutual Fund,Debt Scheme - Money Market Fund,0.27,9720
112089,0.0157255532821383,0.12302799698617,0.1156045351773138,0.0955204947575814,0.1615818290070291,-0.4028573671402778,0.3900685948011408,2009-09-17,2026-07-31,,,,1.34,10440
112090,0.0157475282104626,0.1230326229126288,0.115606190357866,0.1279802234348279,0.1561920936573476,-0.3741970576046414,0.4035583456030052,2009-09-17,2026-07-31,,,,1.34,10440
112099,-0.033379452399668,0.0258264165591985,0.0247157940959421,0.0529447633560151,0.1734469878421581,-0.3692842942345925,-0.197026099247687,2009-08-28,2026-08-06,Invesco India Largecap Fund - Regular Plan - IDCW (Payout / Reinvestment),Invesco Mutual Fund,Equity Schemes - Large Cap Fund,1.32,31325
112360,0.2213666019082938,0.2304650296230388,0.2057621411882995,0.1368366924442443,0.1766908113781549,-0.5831381733021077,0.9647645414803622,2010-03-10,2026-08-06,BANK OF INDIA Manufacturing & Infrastructure Fund-Quarterly IDCW,Bank of India Mutual Fund,Equity Scheme - Sectoral/ Thematic,1.74,8568
113098,-0.0094089195160178,-0.0001383353166344,0.0044769866170777,0.0004328255932197,0.0760120313977143,-0.1317334040484399,-0.7911686375275948,2010-07-20,2026-08-06,ICICI Prudential Regular Savings Fund - Plan - Half Yearly IDCW,ICICI Prudential Mutual Fund,Hybrid Scheme - Conservative Hybrid Fund,1.26,22725
113099,0.1172507923592769,0.2392789047142602,0.2307087682950095,0.1378798698898513,0.1919241037763876,-0.4806806282722513,0.93411354377426,2010-07-12,2026-08-06,SBI PSU Fund - REGULAR PLAN -Growth,SBI Mutual Fund,Equity Scheme - Sectoral/ Thematic,1.75,8868
114240,0.015613214667876,0.0131423152011163,0.0100371570794022,0.0081748168381283,0.0402637585946662,-0.0498693421328704,-1.163768272867873,2010-12-06,2026-08-06,ICICI Prudential Credit Risk Fund - Quarterly IDCW,ICICI Prudential Mutual Fund,Debt Scheme - Credit Risk Fund,0.56,2696
114348,0.0588878777609085,0.0684557485774743,0.0607852280737608,0.036653847388504,0.0043944500856777,-0.0129936808846762,1.924188103770496,2011-03-04,2026-08-06,SBI Savings Fund - Regular Plan Daily Income Distribution cum Capital Withdrawal Option (IDCW),SBI Mutual Fund,Debt Scheme - Money Market Fund,0.31,21960
115132,0.4723019514777029,0.3446834265535086,0.2437506693645479,0.1568757336143595,0.1511361620404169,-0.2638074113997084,1.8836221769173835,2011-05-25,2026-08-06,Quantum Gold ETF FOF - Direct Plan Growth Option,Quantum Mutual Fund,Other Scheme - FoF Domestic,1.49,22080
116653,0.0607091131522614,0.0699960378106898,0.0610909326782846,0.0624707072713679,43.55992892769227,-0.0339952097658966,0.000229477826451,2012-02-01,2026-08-06,Invesco India Money Market Fund - Discretionary IDCW (Payout / Reinvestment),Invesco Mutual Fund,Income/Debt Oriented Schemes - Money Market Fund,0.29,15030
117447,0.0014288222200404,0.0002511993893496,8.997719113934544e-05,0.0033032750343502,0.2715536410327697,-1.0,-0.2200257760618282,2012-06-12,2026-08-06,Axis Banking & PSU Debt Fund - Regular Plan - Daily IDCW,Axis Mutual Fund,Debt Scheme - Banking and PSU Fund,0.69,10484
117716,0.0708483260139234,0.0775918027776907,0.058890917412109,0.0653037940015983,0.0180727354595492,-0.0399404022398675,0.9733890487726696,2012-07-09,2026-08-06,Kotak Credit Risk Fund - Growth,Kotak Mahindra Mutual Fund,Debt Scheme - Credit Risk Fund,0.58,3704
118275,0.0275418034810019,0.1272473961688862,0.1201609916689443,0.1478356716897002,0.1552926910083218,-0.3323869013817907,0.4330364535011027,2013-01-02,2026-07-31,,,,1.34,10440
118276,-0.0239841199293265,0.0694574686376781,0.0646577725760801,0.0804146868242239,0.1631219436603209,-0.3629413906079359,0.0579779055193946,2013-01-02,2026-07-31,,,,1.34,10440
118373,0.0011786985277986,0.0002434884587723,0.0002513434265081,0.0005821237000227,0.0105356111919323,-0.015710950176105,-5.671859985397533,2013-01-03,2026-08-06,BANDHAN Low Duration Fund-Direct Plan-Weekly IDCW,Bandhan Mutual Fund,Debt Scheme - Low Duration Fund,0.66,8444
118419,0.0890762408935259,0.2026077910964294,0.1799548019924834,0.165115631693919,0.1584829317309713,-0.3854246365723029,0.89983059714285,2013-01-02,2026-08-06,Bandhan Large & Mid Cap Fund - Direct Plan - Growth,Bandhan Mutual Fund,Equity Scheme - Large & Mid Cap Fund,1.45,11850
118422,-0.018891575597889,0.0840989046144995,0.063910307772282,0.0873947527334497,0.1716383620820148,-0.3812668250955116,0.1404051187751618,2013-01-02,2026-08-06,Bandhan Focused Fund - Direct Plan - IDCW,Bandhan Mutual Fund,Equity Scheme - Focused Fund,1.33,9465
118492,-0.0043693738197984,0.0181420169845496,0.0104258487021933,0.0164290470901478,0.0554467683244515,-0.1138707256215895,-0.7549219599330798,2013-01-07,2026-08-06,BANDHAN Conservative Hybrid Fund-Direct Plan-Quarterly IDCW,Bandhan Mutual Fund,Hybrid Scheme - Conservative Hybrid Fund,1.28,24135
118525,0.0862077672437793,0.1590391445341963,0.1759973642268866,0.1584627309504493,0.1581227926173294,-0.4991771356141838,0.626343254472361,2013-01-01,2026-08-06,Franklin India Small Cap Fund - Direct - Growth,Franklin Templeton Mutual Fund,Equity Scheme - Small Cap Fund,1.51,6276
118527,0.0385372020774743,0.1357940689296819,0.1373775528212633,0.1518574783164104,0.1364905691253701,-0.3795252674947612,0.5553062707216284,2013-01-01,2026-08-06,Franklin India Dividend Yield Fund - Direct - Growth,Franklin Templeton Mutual Fund,Equity Scheme - Dividend Yield Fund,1.46,19560
118539,0.0864608407862521,0.232274611140228,0.1989599405396485,0.1698466777771676,0.1619661368218081,-0.3934496056683366,1.0636458615405582,2013-01-01,2026-08-06,Franklin India Opportunities Fund - Direct - Growth,Franklin Templeton Mutual Fund,Equity Scheme - Sectoral/ Thematic,1.73,7800
118543,0.0416162864166906,0.1120614063410225,0.1196166211125964,0.1068987985207658,0.0961012731851992,-0.3093894375890978,0.5417348242691198,2013-01-01,2026-08-06,Franklin India Dynamic Asset Allocation Active Fund Of Funds - Direct - Growth,Franklin Templeton Mutual Fund,Other Scheme - FoF Domestic,1.37,12450
118570,-0.0123744433379772,0.0096791406367098,-0.0017095098749724,0.0057170191962037,0.0652928295782064,-0.1110700142523907,-0.7706950317265215,2013-01-01,2026-08-06,Franklin India Corporate Debt Fund - Plan A - Direct - Annual - IDCW,Franklin Templeton Mutual Fund,Debt Scheme - Corporate Bond Fund,0.64,7340
118619,0.1142621361977307,0.1528055808404864,0.1183159512412279,0.0989214042298376,0.1604689274148269,-0.4298908480268681,0.5783398838366725,2013-01-24,2026-08-06,Edelweiss ELSS Tax Saver Fund - Direct Plan - IDCW Option,Edelweiss Mutual Fund,Equity Scheme - ELSS,1.48,10608
118625,-0.0065598983792812,0.0741406452229045,0.0691203812378902,0.0630386832599356,0.126935941366685,-0.2951750236518449,0.1113998531121762,2013-01-08,2026-08-06,Edelweiss Aggressive Hybrid Fund  - Direct Plan - IDCW Option,Edelweiss Mutual Fund,Hybrid Scheme - Aggressive Hybrid Fund,1.24,21270
118702,0.0650634881163956,0.0751663640986317,0.0673248431402249,0.0701134095780515,0.0304495743349314,-0.1048452609146378,0.4980813173875161,2013-01-08,2026-08-06,Nippon India Low Duration Fund - Direct Plan Growth Plan - Bonus Option,Nippon India Mutual Fund,Debt Scheme - Low Duration Fund,0.61,5312
118759,0.1431264954575579,0.1902549432899143,0.137818104665726,0.1599422285017624,0.1541880591916831,-0.2402380764064089,0.8447797058524763,2013-01-02,2026-08-06,Nippon India Pharma Fund - Direct Plan Growth Plan - Growth Option,Nippon India Mutual Fund,Equity Scheme - Sectoral/ Thematic,1.75,9000
118781,0.0026227623397534,0.0090682659739647,0.0073490661423754,0.0028675738758605,0.0544360129840678,-0.1947319183768928,-0.9356257233780472,2013-01-02,2026-08-06,NIPPON INDIA CREDIT RISK FUND - DIRECT Plan - QUARTERLY IDCW Option,Nippon India Mutual Fund,Debt Scheme - Credit Risk Fund,0.6,4844
118969,-0.0233394023478218,0.0647568773933144,0.0695139802177402,0.0385538472845863,0.1602374849017118,-0.5148264984227129,0.0296864207287845,2013-01-01,2026-08-06,HDFC Balanced Advantage Fund - IDCW Plan - Direct Plan,HDFC Mutual Fund,Hybrid Scheme - Dynamic Asset Allocation or Balanced Advantage,1.23,20130
119086,0.0002249498724369,0.0275211212306194,0.0164750685385757,0.0093813639386659,0.0316604487176639,-0.0637302026587428,-1.0258502353840602,2013-01-02,2026-08-06,DSP Credit Risk Fund - Direct Plan - IDCW - Weekly,DSP Mutual Fund,Debt Scheme - Credit Risk Fund,0.62,6500
119092,0.0644511808919796,0.074025950283558,0.0665635731312976,0.0677510730427635,26.164131394199096,-0.0139235801286464,0.0005360755177474,2012-12-31,2026-08-06,HDFC Money Market Fund - Growth Option - Direct Plan,HDFC Mutual Fund,Debt Scheme - Money Market Fund,0.28,12630
119107,0.0056122292290068,0.0058900675969859,0.0049415141864825,0.0047538662922739,0.0205663745084347,-0.0201435388997818,-2.630990327479564,2013-01-02,2026-08-06,DSP Savings Fund - Direct Plan - IDCW - Monthly,DSP Mutual Fund,Debt Scheme - Money Market Fund,0.33,26550
119226,0.0567472740908594,0.0750230197309325,0.0640139460414501,0.0709958182889904,0.0135769302075945,-0.0275166239912559,1.1065107871386912,2013-01-02,2026-08-06,DSP Short Term Fund - Direct Plan - Growth,DSP Mutual Fund,Debt Scheme - Short Duration Fund,0.66,8300
119278,0.6554242477783276,0.4515140328442728,0.2128159324982868,0.0993307432143832,0.3316784382877002,-0.5714457944300813,1.1804024249073155,2013-01-03,2026-08-06,DSP World Gold Mining Overseas Equity Omni FoF - Direct Plan - IDCW,DSP Mutual Fund,Other Scheme - FoF Overseas,1.44,17985
119312,-0.0519974691011165,0.0651831781909235,0.0863959614666971,0.106301107178321,0.128195783968138,-0.3383251791381962,0.0404317367582993,2013-01-02,2026-08-06,Tata Childrens Fund-Direct Plan-Growth Option,Tata Mutual Fund,Solution Oriented Scheme - Children’s Fund,1.4,15030
119381,-0.0012398760530004,-0.0005658179025594,-0.0002596380532681,-0.0002736019981777,0.0103606094608983,-0.0109004137283654,-5.845777522175606,2013-01-23,2026-08-06,BANK OF INDIA Ultra Short Duration Fund- Direct Plan- Weekly IDCW,Bank of India Mutual Fund,Debt Scheme - Ultra Short Duration Fund,0.73,12860
119496,-0.0015384210336241,-0.0332937006959188,-0.0778691066822722,-0.0407757347376973,0.0795493193613349,-0.4475750207091895,-1.1727781135644055,2013-01-02,2026-08-06,Aditya Birla Sun Life Short Term Fund - DIRECT - IDCW,Aditya Birla Sun Life Mutual Fund,Debt Scheme - Short Duration Fund,0.65,8084
119570,0.0004200245628049,0.0002704904503783,0.0002353916050625,0.0001176566582519,0.0083130230884622,-0.0044306253420226,-7.1850527676894185,2013-01-01,2026-08-06,Aditya Birla Sun Life Liquid Fund -Direct - weekly IDCW,Aditya Birla Sun Life Mutual Fund,Debt Scheme - Liquid Fund,0.3,17370
119581,0.1259173953870447,0.2184739496365579,0.1903899927390957,0.1539045536059171,0.1652558102230965,-0.4430830626694854,0.9589614393746096,2013-01-02,2026-08-06,Sundaram Mid Cap Fund Direct Plan - Growth,Sundaram Mutual Fund,Equity Scheme - Mid Cap Fund,1.43,10995
119590,-0.0670271152616109,0.0376062417045524,0.048357792021493,0.0662062119569526,0.1638327177370883,-0.3493039818711556,-0.1366867290292049,2013-01-02,2026-08-06,Aditya Birla Sun Life Consumption Fund -DIRECT - IDCW,Aditya Birla Sun Life Mutual Fund,Equity Scheme - Sectoral/ Thematic,1.66,4896
119597,0.1083831474922425,0.1524645114071396,0.1545156117809691,0.1489845440659947,0.2067757275673439,-0.4322333380191493,0.4471729467232815,2013-01-02,2026-08-06,Sundaram Financial Services Opportunities Fund Direct Plan - Growth,Sundaram Mutual Fund,Equity Scheme - Sectoral/ Thematic,1.69,6204
119605,0.02421666777187,0.0611707692525727,0.0561820803947219,0.0720721843391558,0.0429335921962062,-0.1080854920323238,0.0272693057506647,2013-01-02,2026-08-06,Aditya Birla Sun Life Government Securities Fund - Growth - Direct Plan,Aditya Birla Sun Life Mutual Fund,Debt Scheme - Gilt Fund,0.62,6164
119647,-0.0702206784289556,0.0707863572777551,0.044792941037667,0.0748061988135184,0.1340798514152359,-0.3242589031102858,0.0804472645509621,2013-01-02,2026-08-06,Aditya Birla Sun Life MNC Fund - DIRECT - IDCW,Aditya Birla Sun Life Mutual Fund,Equity Scheme - Sectoral/ Thematic,1.78,10284
119648,0.0124458226260202,0.0912154226629959,0.0968251404457878,0.1166129666258293,0.1598886954096031,-0.3762131949786412,0.1952322056479868,2013-01-02,2026-08-06,Aditya Birla Sun Life Nifty 50 Index Fund - Growth - Direct Plan,Aditya Birla Sun Life Mutual Fund,Other Scheme - Index Funds,1.42,16785
119717,0.0160013061931993,0.0900049204821742,0.0984115437332302,0.0910819054787193,0.1591319966258484,-0.4127605185590943,0.1885536605986405,2013-01-08,2026-07-31,,,,1.34,10440
119718,0.0160008547871643,0.0900054747285417,0.0984111109115135,0.1223271080735499,0.1498273704692813,-0.3580008480645954,0.200266978153325,2013-01-07,2026-07-31,,,,1.34,10440
119788,0.4699493091758102,0.3439714859586835,0.2434741450939079,0.1581263050102241,0.1536274904501613,-0.2501035420380675,1.848441871481377,2013-01-02,2026-08-06,SBI GOLD FUND- DIRECT PLAN - GROWTH,SBI Mutual Fund,Other Scheme - FoF Domestic,1.5,22275
119817,0.0572934892863132,0.0756647344328236,0.065365887434029,0.0422668287450129,0.0167104682565155,-0.0474717856368384,0.9374204356431368,2013-01-02,2026-08-06,SBI Short Term Debt Fund - Direct Plan Weekly Income Distribution cum Capital Withdrawal Option (IDCW),SBI Mutual Fund,Debt Scheme - Short Duration Fund,0.67,9188
120044,0.4324020170012099,0.210786788492731,0.0762536920634739,0.1034184530871578,0.1781286055185214,-0.3931026034762598,0.8465051868216225,2013-01-11,2026-08-06,HSBC Global Emerging Markets Fund - IDCW Direct Plan,HSBC Mutual Fund,Other Scheme - FoF Overseas,1.36,11670
120073,0.0467892961554547,0.0997016042950624,0.0852940472059087,0.0836487106380232,0.0496141200933308,-0.1037661305178246,0.8002077678769349,2013-01-11,2026-08-06,HSBC Conservative Hybrid Fund - Direct Growth,HSBC Mutual Fund,Hybrid Scheme - Conservative Hybrid Fund,1.29,24540
120165,0.0243106352505824,0.1326364894737477,0.1255004814316196,0.1071507811431207,0.1623483920877264,-0.391038170754195,0.447411203398294,2013-01-17,2026-07-31,,,,1.34,10440
120166,0.0243033594132198,0.1326308141379517,0.1254942762115782,0.1388693439123531,0.1581374603850914,-0.3730625075565227,0.4592891144266732,2013-01-04,2026-07-31,,,,1.34,10440
120197,0.0640937967018657,0.0696812214135247,0.0626755999387786,0.0613000804492855,0.0019727359948217,-0.0016384446358648,4.907509894348342,2013-01-01,2026-08-06,ICICI Prudential Liquid Fund - Direct Plan - Growth,ICICI Prudential Mutual Fund,Debt Scheme - Liquid Fund,0.28,10890
120336,0.0008561033118101,0.0002977475605712,0.0012512502945241,-0.0004569913612618,0.0168433986215227,-0.0334995876369634,-3.5445490414945424,2013-01-22,2026-08-06,LIC MF Banking & PSU Fund-Direct Plan-Weekly IDCW,LIC Mutual Fund,Debt Scheme - Banking and PSU Fund,0.73,12584
120349,-0.0686418484766427,0.1278159515627008,0.1063027067476825,0.1021284485994049,0.1727947641826323,-0.4344309647602542,0.3924653150429027,2013-01-02,2026-08-06,Invesco India Contra Fund - Direct Plan - IDCW (Payout / Reinvestment),Invesco Mutual Fund,Equity Schemes - Contra Fund,1.37,12885
120381,0.1771572042100928,0.2390522376240853,0.1845107528694569,0.1752552673278364,0.1702076817940304,-0.4403892944038928,1.0519633176178134,2013-01-02,2026-08-06,ICICI Prudential MidCap Fund - Direct Plan -  Growth,ICICI Prudential Mutual Fund,Equity Scheme - Mid Cap Fund,1.46,12750
120412,0.050480513075761,0.15465038187975,0.1331615547497089,0.147998233864693,0.1617078061041722,-0.3799134850479594,0.5853173335291939,2013-01-02,2026-08-06,Invesco India Multicap Fund - Direct Plan - IDCW (Payout / Reinvestment),Invesco Mutual Fund,Equity Schemes - Multi Cap Fund,1.48,31014
120424,0.00189567156743,0.0010692983287547,0.0007965899338875,0.0016930322152814,0.0156522244123047,-0.0215911873186435,-3.76500490402616,2013-01-03,2026-08-06,ICICI Prudential Floating Interest Fund - Direct Plan - Weekly IDCW,ICICI Prudential Mutual Fund,Debt Scheme - Floater Fund,0.75,13892
120488,0.0940929750776682,0.1562044788816343,0.1554280578472755,0.1317617497655245,0.1926585540701858,-0.3737484953952096,0.499352231443546,2013-01-02,2026-08-06,JM Focused Fund (Direct)  - Growth Option,JM Financial Mutual Fund,Equity Scheme - Focused Fund,1.44,18300
120491,0.0392973943796222,0.1594794651899724,0.175021256939297,0.1648109278417195,0.1728760998148724,-0.3495083133581224,0.5754379309603924,2013-01-02,2026-07-31,,,,1.34,10440
120492,0.0392972874340389,0.1594793883037182,0.1750210268311522,0.1656604992363783,0.1728596409554224,-0.3495061167612346,0.5754922765885664,2013-01-02,2026-07-31,,,,1.34,10440
120505,0.1027345295957264,0.1840922912396281,0.1493461353494067,0.1801315754053232,0.3124823169754891,-1.0,0.3971178031471196,2013-01-02,2026-08-06,Axis Midcap Fund - Direct Plan - Growth,Axis Mutual Fund,Equity Scheme - Mid Cap Fund,1.6,20970
120543,0.0665233594701444,0.0735201954271571,0.0655358535202168,0.0680152773945697,27.46653658921529,-0.1151120553602303,0.0004922424559515,2013-01-02,2026-08-06,Invesco India Ultra Short Duration Fund - Direct Plan - Annual IDCW (Payout / Reinvestment),Invesco Mutual Fund,Income/Debt Oriented Schemes - Ultra Short Term Fund,0.75,13784
120665,0.0815102469914614,0.1760348707501198,0.1564350073228013,0.1445963702517991,0.1545694015949353,-0.4149770040511521,0.7506975478510348,2013-01-02,2026-08-06,UTI Large & Mid Cap Fund - Direct Plan - Growth Option,UTI Mutual Fund,Equity Scheme - Large & Mid Cap Fund,1.44,11265
120723,0.0898418048833427,0.1431824830354588,0.1236166098040336,0.100284212939302,0.1576983331571309,-0.397444996451384,0.5274785178139815,2013-01-08,2026-08-06,ICICI Prudential Focused Equity Fund - Direct Plan - IDCW,ICICI Prudential Mutual Fund,Equity Scheme - Focused Fund,1.42,16815
120762,0.0526321341138982,0.0753835742398423,0.0968577933891825,0.0700642629439876,0.040424866221158,-0.0813032196593016,0.380547313519387,2013-01-02,2026-08-06,UTI Dynamic Bond Fund - Direct Plan - Growth Option,UTI Mutual Fund,Debt Scheme - Dynamic Bond,0.68,10064
120779,0.0358998719508125,0.0865717263835048,0.0854310675231961,0.0821871210598443,0.0460352171191093,-0.144372736716958,0.5772043241319881,2013-01-02,2026-08-06,UTI Conservative Hybrid Fund - Direct Plan - Growth Option,UTI Mutual Fund,Hybrid Scheme - Conservative Hybrid Fund,1.18,16140
120789,0.0074777965248855,0.056769171343505,0.0488379425210563,0.0418691738571728,0.0540365343198887,-0.178824664571734,-0.0597897088915609,2013-01-23,2026-08-06,UTI Conservative Hybrid Fund - Direct Plan - Flexi IDCW,UTI Mutual Fund,Hybrid Scheme - Conservative Hybrid Fund,1.18,16245
120791,0.0440884116274997,0.0555079800275022,0.04755020610407,0.0525818635639121,0.0417617840321632,-0.0809547897565601,-0.1075629328727476,2013-01-11,2026-08-06,UTI Gilt Fund - Direct Plan - IDCW,UTI Mutual Fund,Debt Scheme - Gilt Fund,0.65,8252
120796,0.064322865661734,0.0744815923740924,0.065011100878213,0.0359364749000354,0.0176179242443313,-0.0375878300020464,0.8219806245762478,2013-02-20,2026-08-06,UTI Arbitrage Fund - Direct Plan - IDCW,UTI Mutual Fund,Hybrid Scheme - Arbitrage Fund,1.17,15975
121279,0.0607476062865481,0.0733311727253218,0.0633639936026155,0.0728465707184999,0.0149160864453156,-0.0328664455092763,0.8937446678252843,2013-03-08,2026-08-06,Bandhan Banking and PSU Fund - Direct Growth,Bandhan Mutual Fund,Debt Scheme - Banking and PSU Fund,0.66,8312
121933,-0.0021717833064428,0.0043228561366712,0.0045092299611486,0.0088520008222281,0.0614443474844968,-0.0865387260340543,-0.9061393951229892,2014-03-28,2026-08-06,Bandhan Banking and PSU Fund - Regular Annual IDCW,Bandhan Mutual Fund,Debt Scheme - Banking and PSU Fund,0.6,5288
122531,0.0009091431827648,0.0003139066887836,6.30877588700951e-05,0.0009486489681418,0.0229239833366155,-0.0252657352701222,-2.603652796060194,2014-06-12,2026-08-06,ICICI Prudential Savings Fund - Monthly IDCW,ICICI Prudential Mutual Fund,Debt Scheme - Low Duration Fund,0.56,2840
123705,0.0034672178047134,0.0032366397792151,0.0017174655268872,0.0018572086286774,0.0142402662032371,-0.0208621684720405,-3.986116510088905,2013-09-16,2026-08-06,Groww Short Term Fund (formerly known as Indiabulls Short Term Fund)- Direct Plan- Weekly - Income Distribution cum capital withdrawal Option (Payout & Reinvestment),Groww Mutual Fund,Income/Debt Oriented Schemes - Short Term Fund,0.69,10256
123710,0.0021081254188899,0.002350033448736,0.0014526871801558,0.0019729802854679,0.0172394268739925,-0.0199454766811248,-3.344076747599708,2016-05-26,2026-08-06,Groww Short Term Fund (formerly known as Indiabulls Short Term Fund)- Regular Plan- Fortnightly - Income Distribution cum capital withdrawal Option (Payout & Reinvestment),Groww Mutual Fund,Income/Debt Oriented Schemes - Short Term Fund,0.74,13688
124311,0.0009998633522425,0.0270106065226047,0.0344667025885425,0.0165836393553335,0.029167425650084,-0.1220138557095078,-1.13103548709312,2013-10-14,2026-08-06,Motilal Oswal Ultra Short Term Fund Direct - IDCW Fortnightly Reinvestment,Motilal Oswal Mutual Fund,Debt Scheme - Ultra Short Duration Fund,0.65,8132
124316,0.0,0.0254206633142712,0.0333723759475077,0.0160174066807341,0.0265425090595401,-0.1221708177956807,-1.302790802789607,2013-09-10,2026-08-06,Motilal Oswal Ultra Short Term Fund Direct - IDCW Daily Reinvestment,Motilal Oswal Mutual Fund,Debt Scheme - Ultra Short Duration Fund,0.62,6428
125264,0.0650437845599796,0.0751603205288202,0.0609009110191862,0.0668864099177053,0.0240620592037182,-0.0717775431550609,0.6300508364835878,2013-11-13,2026-08-06,NIPPON INDIA LOW DURATION FUND - DIRECT Plan - IDCW Option,Nippon India Mutual Fund,Debt Scheme - Low Duration Fund,0.59,4304
125269,0.0612393438228502,0.0792350539853083,0.0687796566742589,0.0746232143713496,0.024165818067215,-0.0720349060573352,0.7959612181059965,2013-11-13,2026-08-06,NIPPON INDIA SHORT DURATION FUND - Direct Plan - IDCW Option,Nippon India Mutual Fund,Debt Scheme - Short Duration Fund,0.71,11888
129196,-0.0329365274322326,-0.0167294091285042,-0.0091938081175539,0.0260135588423857,0.0565384884648003,-0.1235784643856393,-1.3571181545872848,2014-05-05,2026-08-06,HSBC Income Plus Arbitrage Active FOF IDCW,HSBC Mutual Fund,Other Scheme - FoF Domestic,1.36,12375
129213,0.0871515811326646,0.178371580674415,0.1680612433492065,0.1449279087675681,0.1757318746366237,-0.5129243257332224,0.6735919759530388,2014-04-07,2026-08-06,Sundaram Infrastructure Advantage Fund Regular Plan - Growth,Sundaram Mutual Fund,Equity Scheme - Sectoral/ Thematic,1.84,13440
130054,0.0657666051156156,0.0862276956938838,0.0702280703241318,0.0387241445967672,0.0972025668170356,-0.2981260778516875,0.269825134795589,2014-06-30,2026-08-06,NIPPON INDIA MEDIUM DURATION FUND - DIRECT Plan - IDCW Option,Nippon India Mutual Fund,Debt Scheme - Medium Duration Fund,0.67,9296
130312,0.0116787776256919,0.0061900389162246,0.0019232831164714,0.0013434013229307,0.0285777456168821,-0.0604886741107313,-1.882932328013565,2014-07-21,2026-08-06,Axis Credit Risk Fund - Direct Plan - Monthly IDCW,Axis Mutual Fund,Debt Scheme - Credit Risk Fund,0.69,10112
130722,0.0837024457425621,0.0978537428279953,0.0854449681833959,0.0672028872680843,0.0291043528146171,-0.079551129013192,1.3006213561630515,2014-09-08,2026-08-06,Invesco India Credit Risk Fund - Direct Plan - Growth,Invesco Mutual Fund,Income/Debt Oriented Schemes - Credit Risk Fund,0.57,3248
131390,0.0598179301637562,0.0824630060078566,0.0639761975627228,0.0202243217432054,0.1234971965932026,-0.4141265808649041,0.1818908171806467,2014-09-16,2026-08-06,Bandhan Gilt Fund with 10 year constant duration Fund - Direct Plan - Periodic IDCW,Bandhan Mutual Fund,Debt Scheme - Gilt Fund with 10 year constant duration,0.62,5924
131398,0.0609494964224233,0.0748655547821675,0.0632578459951658,0.0353820429263269,0.0715732421936205,-0.2334626416810927,0.2076970991750389,2014-09-16,2026-08-06,Bandhan Income Plus Arbitrage Active FOF - Direct Plan - Periodic IDCW,Bandhan Mutual Fund,Other Scheme - FoF Domestic,1.48,20655
131666,0.0881389192597446,0.1170707131062571,0.0991743388269053,0.1030522855679363,0.0982224427984722,-0.2648095909732016,0.5810353670734081,2014-10-13,2026-08-06,Aditya Birla Sun Life Balanced Advantage Fund - Regular Plan - Growth Option,Aditya Birla Sun Life Mutual Fund,Hybrid Scheme - Dynamic Asset Allocation or Balanced Advantage,1.29,25065
131865,0.1833020287931939,0.1850136908514497,0.1417590407409308,0.1328993080223328,0.100450832163505,-0.2268704074816299,1.2445261841929134,2014-11-13,2026-08-06,Aditya Birla Sun Life Multi Asset Omni FoF- Direct Plan - Growth Option,Aditya Birla Sun Life Mutual Fund,Other Scheme - FoF Domestic,1.32,8655
132757,0.0943928336093291,0.1322004555877407,0.1288803778962859,0.1330000537254629,0.1647357249966427,-0.3688067507626181,0.4382804979867735,2014-10-14,2026-08-06,Tata ELSS Fund-Growth-Regular Plan,Tata Mutual Fund,Equity Scheme - ELSS,1.45,9180
132995,0.0717427543682722,0.0871344837640291,0.0745624706841767,0.08322403842224,0.0608841696917086,-0.1779220779220779,0.4456738738727407,2014-12-01,2026-08-06,Aditya Birla Sun Life Equity Savings Fund - Direct Plan - Growth,Aditya Birla Sun Life Mutual Fund,Hybrid Scheme - Equity Savings,1.16,14880
133385,0.0955816599122345,0.2148745500438087,0.1665905282449848,0.1628124715626953,0.1767031909190838,-0.3782193991135801,0.8764671947250182,2015-01-22,2026-08-06,Motilal Oswal ELSS Tax Saver Fund - Regular Plan - Growth Option,Motilal Oswal Mutual Fund,Equity Scheme - ELSS,1.46,9456
133386,0.1084783379958229,0.2293380031215963,0.1806882515457899,0.1776455444562346,0.1766995219187059,-0.3772491365986757,0.9583387735452028,2015-01-22,2026-08-06,Motilal Oswal ELSS Tax Saver Fund - Direct Plan - Growth Option,Motilal Oswal Mutual Fund,Equity Scheme - ELSS,1.51,12564
133402,0.0403990295699461,0.1533163040615823,0.1478872144162946,0.1322579124085734,0.1429480973713933,-0.3657089994443943,0.6527985036354652,2014-12-23,2026-08-06,JM Aggressive Hybrid Fund (Direct) - Half Yearly IDCW,JM Financial Mutual Fund,Hybrid Scheme - Aggressive Hybrid Fund,1.14,13830
133571,0.0179667054316063,0.0670433040412086,0.0622717802803181,0.0630308338599401,0.049240848495464,-0.0808642246381812,0.1430378284780659,2015-02-13,2026-08-06,NIPPON INDIA RETIREMENT FUND - INCOME GENERATION SCHEME - IDCW Option,Nippon India Mutual Fund,Solution Oriented Scheme - Retirement Fund,1.4,14880
133800,0.1153439635827495,0.179016047064265,0.2032707324253688,0.1678366503072104,0.1631891967866978,-0.4657236969579538,0.7293132720043292,2015-02-02,2026-08-06,Kotak Infrastructure & Economic Reform Fund- Direct Plan- Payout of Income Distribution cum capital withdrawal option,Kotak Mahindra Mutual Fund,Equity Scheme - Sectoral/ Thematic,1.67,5136
133839,0.0566930610975615,0.1194562597333106,0.0985251850271344,0.1510579701759162,0.1588501166987459,-0.3644501278772379,0.3742915710038004,2015-03-09,2026-08-06,PGIM India Flexi Cap Fund - Direct Plan - Growth Option,PGIM India Mutual Fund,Equity Scheme - Flexi Cap Fund,1.5,34006
133852,0.0215637340781544,0.0323129900774876,0.0449784367386003,0.0256182053341378,0.0575686814642546,-0.1097624164380304,-0.4809387538205765,2015-02-04,2026-08-06,UTI Dynamic Bond Fund - Regular Plan - Annual IDCW,UTI Mutual Fund,Debt Scheme - Dynamic Bond,0.63,6752
133894,0.0627108564375205,0.0796158417935892,0.0692273819966182,0.0765575996276817,0.0146051808458477,-0.0261133147663656,1.3430742145973538,2015-02-24,2026-08-06,Axis Short Duration Fund - Direct Plan - Regular IDCW,Axis Mutual Fund,Debt Scheme - Short Duration Fund,0.7,11084
133924,0.0071290649248387,0.007554236077736,0.0065790117417521,0.007646402105933,0.0365001990370999,-0.0457112433686373,-1.436862409132518,2015-03-11,2026-08-06,DSP Low Duration Fund - Direct Plan - IDCW - Quarterly,DSP Mutual Fund,Debt Scheme - Low Duration Fund,0.66,8828
134013,0.1360549784923381,0.1932786133759814,0.1420325702286398,0.1335969479904777,0.1817222286073897,-0.4063343001250837,0.7334194302884618,2015-03-25,2026-08-06,SBI Nifty Next 50 ETF,SBI Mutual Fund,Other Scheme - Other  ETFs,1.32,9360
134017,0.0746868779520781,0.0961797510543545,0.117708303635853,0.0989451246658965,0.2094801234932243,-0.4475762089018283,0.1727120953102013,2015-03-30,2026-08-06,LIC MF Banking and Financial Services Fund-Direct Plan-Growth,LIC Mutual Fund,Equity Scheme - Sectoral/ Thematic,1.75,9036
134385,0.0637577969271661,0.065775965369524,0.0466809896878708,0.0257419105111444,0.0469751372645704,-0.0945578346230526,0.1229579242524184,2015-04-22,2026-08-06,Aditya Birla Sun Life Credit Risk Fund - Direct - IDCW,Aditya Birla Sun Life Mutual Fund,Debt Scheme - Credit Risk Fund,0.71,11864
134500,0.0487547090273785,0.0527480254081835,0.0440878784175453,0.0286542101590723,0.0411602747172677,-0.0624449838619328,-0.1761886829383586,2015-04-09,2026-08-06,UTI Medium Duration Fund - Regular Plan - Annual IDCW,UTI Mutual Fund,Debt Scheme - Medium Duration Fund,0.7,10808
134502,0.0556489518770133,0.0725566197974045,0.0628960503009146,0.0389047339970176,0.0301079106775089,-0.0632794973397168,0.4170538411615705,2015-04-09,2026-08-06,UTI Medium Duration Fund - Direct Plan - Quarterly IDCW,UTI Mutual Fund,Debt Scheme - Medium Duration Fund,0.75,13856
134599,0.0485268867933814,0.0765105867783702,0.0754937340391588,0.0374582756585837,0.0696959087976514,-0.3562472621477985,0.2368946336047571,2015-06-04,2026-08-06,NIPPON INDIA EQUITY SAVINGS FUND - Direct Plan - MONTHLY IDCW Option,Nippon India Mutual Fund,Hybrid Scheme - Equity Savings,1.14,13500
134639,0.0380251225003596,0.0865977699981976,0.0819079740479344,0.0760166133196726,0.0664405931613515,-0.1951470827490568,0.4003240900273836,2015-06-03,2026-08-06,SBI Equity Savings Fund - Regular Plan - Monthly Income Distribution cum Capital Withdrawal Option (IDCW),SBI Mutual Fund,Hybrid Scheme - Equity Savings,1.14,13395
134955,0.0510094010572856,0.1162689935633138,0.1130058371446718,0.0475664431687949,0.1805924758707317,-0.5921575505071028,0.3115799442474629,2015-06-30,2026-08-06,JM Large Cap Fund (Regular) - Half Yearly IDCW,JM Financial Mutual Fund,Equity Scheme - Large Cap Fund,1.33,31875
135169,0.0546986082237745,0.0634369241638104,0.0558958412361894,0.0332126734809039,0.047252176989093,-0.1511812745485587,0.0727357845248852,2015-07-29,2026-08-06,JM Arbitrage Fund (Regular) - Quarterly IDCW,JM Financial Mutual Fund,Hybrid Scheme - Arbitrage Fund,1.23,19935
135336,0.0441022783482425,0.0663032841373163,0.0884627894640743,0.0468492044547641,0.0494704999741685,-0.1090939781406928,0.127415007744164,2015-08-25,2026-08-06,UTI Dynamic Bond Fund - Regular Plan - Flexi IDCW,UTI Mutual Fund,Debt Scheme - Dynamic Bond,0.64,7436
135341,0.059960511119254,0.1558507590815097,0.1333107587804318,0.1181937211173698,0.1542738626765013,-0.4664253541271972,0.621302645947877,2015-09-09,2026-08-06,Groww Value Fund (formerly known as Indiabulls Value Fund) - Direct Plan - Growth Option,Groww Mutual Fund,Equity Schemes - Value Fund,1.48,20970
135681,0.0585318907363661,0.1231884398836322,0.0898099174183768,0.1086021082499411,0.1607567852927522,-0.3808325175966065,0.3930685710625561,2016-03-23,2026-03-23,Sundaram Long Term Tax Advantage Fund Series II Direct Plan - Payout of Income Distribution cum Capital Withdrawal (IDCW),Taurus Mutual Fund,Money Market,0.27,9239
135762,0.0543619760777505,0.1022889766640353,0.0818240968181405,0.1089864288900461,0.1112956974005993,-0.2708676525350449,0.3799695554430984,2015-12-14,2026-08-06,Axis Children's Fund - Lock in - Direct Growth,Axis Mutual Fund,Solution Oriented Scheme - Children’s Fund,1.48,20850
135791,0.0175293830035803,0.1037703603693622,0.1097838889726174,0.1197379961835627,0.1929654812135019,-0.417263034178457,0.226830001376949,2015-12-29,2026-08-06,TATA Banking & Financial Services Fund Regular Plan - Reinvestment of Income Distribution cum capital withdrawal option ,Tata Mutual Fund,Equity Scheme - Sectoral/ Thematic,1.72,7476
135801,0.0692601550542622,0.1581036010724537,0.1530507983179492,0.1719743527659603,0.1543384316040539,-0.3246458009445307,0.6356394842998837,2015-12-29,2026-08-06,TATA India Consumer Fund Direct Plan - Reinvestment of Income Distribution cum capital withdrawal option ,Tata Mutual Fund,Equity Scheme - Sectoral/ Thematic,1.84,13272
135917,0.0606799179002257,0.0751601013211311,0.0627587826270577,0.0290032975616252,0.0788432740752425,-0.2433640006943553,0.1922814786542656,2016-01-13,2026-08-06,BANDHAN Corporate Bond Fund - Direct Periodic IDCW,Bandhan Mutual Fund,Debt Scheme - Corporate Bond Fund,0.67,9080
138297,0.0647118108320694,0.0653915878097048,0.0450775687253399,0.0272880113933502,0.0018769485744183,-0.0033307985082937,2.8725282531385847,2016-03-08,2026-08-06,PGIM India Liquid Fund - Direct Plan - Daily Dividend,PGIM India Mutual Fund,Debt Scheme - Liquid Fund,0.32,23760
138298,-0.0062375642748787,0.0102774891014802,0.0148471888642474,0.0092509913756178,0.0132882977579659,-0.0108301091718713,-3.7418269671683366,2016-03-08,2026-08-06,PGIM India Liquid Fund - Direct Plan - Monthly Dividend,PGIM India Mutual Fund,Debt Scheme - Liquid Fund,0.25,4350
138301,0.0004168663034862,0.0002704015395289,0.0001109615859988,-1.8778545907705e-05,0.0065060106788207,-0.0035043668122272,-9.180679437694607,2016-03-08,2026-08-06,PGIM India Liquid Fund - Direct Plan - Weekly Dividend,PGIM India Mutual Fund,Debt Scheme - Liquid Fund,0.28,13320
138308,0.0117394254309131,0.0772567358660198,0.0724555359510084,0.0963429484000713,0.1543871961136199,-0.3753223240247983,0.1117756931949197,2016-03-08,2026-08-06,PGIM India Large Cap Fund - Growth,PGIM India Mutual Fund,Equity Scheme - Large Cap Fund,1.43,45075
138313,-0.0543459095567075,0.0043513846546163,0.0021632044895592,0.0262913607690762,0.1596245503398798,-0.4319931565440548,-0.3486219082647004,2016-03-08,2026-08-06,PGIM India Large Cap Fund - Direct Plan - Dividend,PGIM India Mutual Fund,Equity Scheme - Large Cap Fund,1.39,39775
138318,0.0460480456583063,0.0667487521124858,0.0571726192183486,0.0621430686622155,0.0151989087066312,-0.0318507206261334,0.4440287288219209,2016-03-08,2026-08-06,PGIM India Corporate Bond Fund - Growth,PGIM India Mutual Fund,Debt Scheme - Corporate Bond Fund,0.57,3032
138331,-0.0477906043622466,-0.0161754083815713,-0.0138310006870262,-0.0098680173100086,0.0662670305487155,-0.183378684387514,-1.1495219832669554,2016-03-08,2026-08-06,PGIM India Corporate Bond Fund - Direct Plan - Monthly Dividend,PGIM India Mutual Fund,Debt Scheme - Corporate Bond Fund,0.74,13544
139201,-0.004303365420885,0.0042804248636945,0.0035538725392318,0.0042017802840903,0.0681166378696211,-0.1236646447977106,-0.8180024275853968,2016-07-13,2026-08-06,BANDHAN Corporate Bond Fund - Direct Annual IDCW,Bandhan Mutual Fund,Debt Scheme - Corporate Bond Fund,0.72,12488
139235,0.0645454490987265,0.0703927114991231,0.0633992165353876,0.0605805186828976,0.0018987123497101,-0.0002032963172289,5.473557645901347,2016-04-01,2026-08-06,Canara Robeco Liquid Fund -Unclaimed Redemption and Dividend Plan -Direct Growth Option,Canara Robeco Mutual Fund,Debt Scheme - Liquid Fund,0.31,21090
139646,-0.0325162621293041,-0.0325162621293041,-0.0247641012304546,0.0015001465516095,0.0716796467952448,-0.1525545397397915,-1.290690820416286,2016-07-21,2026-08-06,UTI Money Market Fund - Regular Plan - Quarterly IDCW,UTI Mutual Fund,Debt Scheme - Money Market Fund,0.34,30060
140084,0.0140411964375597,0.0931224308181211,0.0994327831658954,,0.3339691195117044,-0.9379125975524214,0.0991781242126497,2016-11-07,2026-08-06,Nippon India ETF Nifty 50 BeES,Nippon India Mutual Fund,Other Scheme - Other  ETFs,1.38,13680
140094,-0.0211801795094036,0.0344377564079168,0.0267632367296559,,0.158946012726384,-0.2919116193274592,-0.1608234340303148,2016-11-07,2026-08-06,Nippon India ETF Nifty 50 Shariah BeES,Nippon India Mutual Fund,Other Scheme - Other  ETFs,1.33,9990
140102,0.0499025782883266,0.1615400909923603,0.1587986274261403,,0.1817432466182533,-0.4254224844351304,0.5587007654025379,2016-11-07,2026-08-06,Nippon India ETF Nifty Infrastructure BeES,Nippon India Mutual Fund,Other Scheme - Other  ETFs,1.42,16785
140172,0.079967211093016,0.1497893122120319,0.1299252885183131,,0.1577761801727739,-0.3500925176361744,0.5690929525211443,2016-11-28,2026-08-06,Edelweiss Large & Mid Cap Fund - Regular Plan - Growth Option,Edelweiss Mutual Fund,Equity Scheme - Large & Mid Cap Fund,1.66,24645
140289,0.0024907187269889,0.0007516639568285,-0.0041956572211255,,0.0306419288520183,-0.0730019648951271,-1.9335707072914523,2016-11-28,2026-08-06,Edelweiss Banking and PSU Debt Fund - Regular Plan Weekly - IDCW Option,Edelweiss Mutual Fund,Debt Scheme - Banking and PSU Fund,0.63,6860
140302,-0.0338014982541859,0.0437231903072485,0.0465107823152148,,0.0416380490695353,-0.070545838617422,-0.3909119196619716,2019-05-06,2026-08-06,Edelweiss Government Securities Fund - Direct Plan - IDCW Option,Edelweiss Mutual Fund,Debt Scheme - Gilt Fund,0.61,5888
140306,-0.0573759097282369,0.0295524244027993,,,0.1337561888341717,-0.1046886069427448,-0.2276348919820743,2021-09-08,2026-08-06,Edelweiss Government Securities Fund - Direct Plan Fortnightly - IDCW Option,Edelweiss Mutual Fund,Debt Scheme - Gilt Fund,0.71,11852
140328,0.5574261702769301,0.2485789771699051,0.1016672793277138,,0.1780649042423978,-0.3974375446476751,1.0590462953507933,2016-11-28,2026-08-06,Edelweiss Emerging Markets Opportunities Equity Offshore Fund - Regular Plan - Growth Option,Edelweiss Mutual Fund,Other Scheme - FoF Overseas,1.46,19440
141068,-0.0122678239547312,0.1114975170299503,0.1042016030387971,,0.1522518143590277,-0.4030585340130075,0.3382391024156411,2017-04-01,2026-08-06,Quantum Value Fund - Regular Plan Growth Option,Quantum Mutual Fund,Equity Scheme - Value Fund,1.41,15435
141545,0.0137728787605784,0.0930159477768202,0.099308493958893,,0.3441081595570994,-0.9121056587656748,0.0959464251568894,2017-07-06,2026-08-06,Axis Nifty 50 ETF,Axis Mutual Fund,Other Scheme - Other  ETFs,1.49,21945
141565,0.1087642226226299,0.1520777794350445,0.1629778709083287,,0.1824666239346126,-0.6145076454733389,0.5046280653937063,2017-10-04,2026-08-06,Sundaram Long Term Micro Cap Tax Advantage Fund Series VI Regular Plan - Growth,Sundaram Mutual Fund,ELSS,1.49,11328
141590,0.0005781814701126,0.0007075003451328,0.0003488410811149,,0.0316185058784323,-0.0479713861785021,-1.875246726800955,2017-07-18,2026-08-06,Axis Corporate Bond Fund - Direct Plan - Monthly IDCW,Axis Mutual Fund,Debt Scheme - Corporate Bond Fund,0.59,4616
141591,0.0602561264834349,0.0497613301151436,0.0177124291419441,,0.0504291101103594,-0.1155889048140966,-0.2030309450722016,2017-07-18,2026-08-06,Axis Corporate Bond Fund - Direct Plan - Regular IDCW,Axis Mutual Fund,Debt Scheme - Corporate Bond Fund,0.66,8660
141594,0.0019340049828016,0.0007110789856747,0.0003529203944399,,0.0304888293833437,-0.0476513498102597,-1.9446112629930996,2017-07-18,2026-08-06,Axis Corporate Bond Fund - Regular Plan - Monthly IDCW,Axis Mutual Fund,Debt Scheme - Corporate Bond Fund,0.62,6032
141839,-0.0116423217333985,0.0723416740982609,0.0870124017067572,,0.1722350867840536,-0.3728055711075491,0.0716559809543036,2018-07-03,2026-08-06,ICICI Prudential BSE Sensex Index Fund - Cumulative Option,ICICI Prudential Mutual Fund,Other Scheme - Index Funds,1.37,12540
141926,0.0308953578677293,0.1119359792391729,0.0488605186603481,,0.1699906292160708,-0.3679653679653679,0.3055226013262087,2017-11-24,2026-08-06,Axis Flexi Cap fund - Direct Plan - IDCW,Axis Mutual Fund,Equity Scheme - Flexi Cap Fund,1.42,24502
142140,0.0812379548742938,0.2204874941045196,0.1736294471976951,,0.163943596509182,-0.3575991122062897,0.9789189545779616,2018-07-03,2026-08-06,SBI Long Term Advantage Fund - Series V - Direct Plan - Income Distribution cum Capital Withdrawal Option (IDCW),SBI Mutual Fund,ELSS,1.46,9876
142283,0.063421908549957,0.073255548612507,0.0655652888247757,,0.01038039636022,-0.0059812760055477,1.276979043238199,2018-01-29,2026-08-06,DSP Arbitrage Fund - Direct - Growth,DSP Mutual Fund,Hybrid Scheme - Arbitrage Fund,1.22,19605
143178,0.0312191895662035,0.1167522723821694,0.1383020882847583,,0.1639550800339992,-0.3608555523000293,0.3461452513115225,2018-07-24,2026-08-06,SBI Long Term Advantage Fund - Series VI - Direct Plan - Growth,SBI Mutual Fund,ELSS,1.61,18768
143260,0.0626100393735717,0.0661052247467586,0.0590163419193912,,0.0017419909894608,-0.000420814144732,3.5047395673661623,2018-05-14,2026-08-06,Parag Parikh Liquid Fund- Regular Plan- Growth,PPFAS Mutual Fund,Debt Scheme - Liquid Fund,0.27,8010
143341,0.1332202358238536,0.1906562535274794,0.1396359942864165,,0.1888527493014205,-0.3985503988201757,0.6918419456999486,2018-06-29,2026-08-06,UTI Nifty Next 50 Index Fund - Direct Plan - Growth Option,UTI Mutual Fund,Other Scheme - Index Funds,1.5,22485
143496,0.0002533642738946,-0.0005192867243402,-0.0053561616354691,,0.0380233268444279,-0.0562987073322281,-1.5916357601204736,2018-05-21,2026-08-06,NIPPON INDIA ULTRA SHORT DURATION FUND - QUARTERLY IDCW Option,Nippon India Mutual Fund,Debt Scheme - Ultra Short Duration Fund,0.66,8780
143509,-0.0005082616665301,0.0001118242224888,5.807970049365174e-05,,0.0104274787605787,-0.0150709511451125,-5.74330354945622,2018-06-07,2026-08-06,Baroda BNP Paribas Ultra Short Duration Fund- Direct Plan- Weekly IDCW,Baroda BNP Paribas Mutual Fund,Debt Scheme - Ultra Short Duration Fund,0.6,5144
143606,0.0007998866849683,0.0005588682741235,0.0004205784257251,,0.0827969632097667,-0.1546697651193608,-0.7179143947016735,2018-05-25,2026-08-06,JM Low Duration Fund (Direct) - Fortnightly IDCW,JM Financial Mutual Fund,Debt Scheme - Low Duration Fund,0.66,8312
143704,0.025885700534024,0.0705785152238254,0.0651620502127545,,0.0468039083536651,-0.0584157590575684,0.2260177749236412,2018-07-09,2026-08-06,Nippon India Nivesh Lakshya Long Duration Fund- Direct Plan- Growth Option,Nippon India Mutual Fund,Debt Scheme - Long Duration Fund,0.74,13112
144395,-0.007538096749212,0.0613217493961779,0.0233060577151196,,0.1365455762439364,-0.2798319327731092,0.0096799137147927,2018-08-16,2026-08-06,Axis Aggressive Hybrid Fund - Direct Plan - Regular IDCW,Axis Mutual Fund,Hybrid Scheme - Aggressive Hybrid Fund,1.17,15750
144484,0.0503874375799091,0.082192840178616,0.0851455698922218,,0.0582402405837676,-0.1386260210590452,0.3810568080792151,2018-08-31,2026-08-06,UTI Equity Savings Fund - Regular Plan - Growth Option,UTI Mutual Fund,Hybrid Scheme - Equity Savings,1.24,21330
145036,0.000845173328436,0.0004991851595963,0.000230520957374,,0.0206351283715683,-0.0165151545029678,-2.883471998283538,2018-09-25,2026-08-06,HDFC Ultra Short Term Fund - Direct Plan-Monthly IDCW Option,HDFC Mutual Fund,Debt Scheme - Ultra Short Duration Fund,0.66,8792
145140,0.0563776837246206,0.1013472626138445,0.1156763299838421,,0.1940167409990255,-0.3772357723577236,0.2131118294274007,2018-11-02,2026-08-06,Invesco India Smallcap Fund - Regular Plan - IDCW (Payout / Reinvestment),Invesco Mutual Fund,Equity Schemes - Small Cap Fund,1.61,10584
145487,0.0,0.0,0.0,,31.551650533171568,-0.0005833478329132,-0.0019016437804709,2018-11-02,2026-08-06,ADITYA BIRLA SUN LIFE OVERNIGHT FUND- Direct - Daily Reinvestment of IDCW,Aditya Birla Sun Life Mutual Fund,Debt Scheme - Overnight Fund,0.73,12788
145589,0.0323386281687245,0.0599001449064757,0.052736370219101,,0.0187344709082833,-0.022852636819353,-0.0053300194071707,2018-12-06,2026-08-06,Groww Dynamic Term Fund (formerly known as Indiabulls Dynamic Bond Fund) - Direct Plan - Growth option,Groww Mutual Fund,Income/Debt Oriented Schemes - Dynamic Term Fund,0.75,13916
145677,0.2354214331537059,0.2147802842035908,0.1870971965950898,,0.1811439623923801,-0.3251028806584363,0.8544600778264844,2018-12-27,2026-08-06,BANK OF INDIA Small Cap Fund Regular Plan Growth,Bank of India Mutual Fund,Equity Scheme - Small Cap Fund,1.69,13500
145824,-0.0003342420626512,-0.0002222678951137,9.439252867093906e-05,,0.013536150172237,-0.0060487954031934,-4.448995255580938,2018-12-19,2026-08-06,NIPPON INDIA OVERNIGHT FUND - DIRECT Plan - MONTHLY IDCW Option,Nippon India Mutual Fund,Debt Scheme - Overnight Fund,0.71,11672
145946,0.0588089735112475,0.0641554508675441,0.0574230445704213,,0.0019107330121922,-0.0004750008796312,2.1747940926484715,2018-12-20,2026-08-06,Motilal Oswal Liquid Fund - Regular Growth,Motilal Oswal Mutual Fund,Debt Scheme - Liquid Fund,0.25,3180
145966,0.0007167670727341,0.0005771380901125,0.000500903525566,,0.0104800036853267,-0.004080717783103,-5.670118417332842,2019-01-17,2026-08-06,WhiteOak Capital Liquid Fund- Direct plan-Fortnightly Payout/ Reinvestment of Income Distribution cum capital withdrawal option (IDCW),WhiteOak Capital Mutual Fund,Debt Scheme - Liquid Fund,0.33,25800
145968,0.062113692850702,0.0676838686996772,0.0599075623096176,,0.0020603210110115,-0.0005059691712985,3.72945218663023,2019-01-17,2026-08-06,WhiteOak Capital Liquid Fund- Regular plan-Growth Option,WhiteOak Capital Mutual Fund,Debt Scheme - Liquid Fund,0.3,17760
146128,0.0296545289959972,0.1065535034989515,0.1173582941731949,,0.1783799660963498,-0.3620531622364803,0.2609794391025179,2019-02-19,2026-08-06,CANARA ROBECO SMALL CAP FUND - REGULAR PLAN - IDCW (Payout/Reinvestment),Canara Robeco Mutual Fund,Equity Scheme - Small Cap Fund,1.66,12288
146222,0.0278677911543638,0.008998710356227,0.005975831668149,,0.0262459270500709,-0.0420584911803575,-1.9432077802576635,2019-07-05,2026-08-06,Motilal Oswal Liquid Fund Regular - IDCW Quarterly Payout/Reinvestment,Motilal Oswal Mutual Fund,Debt Scheme - Liquid Fund,0.3,17790
146347,0.1150471814988631,0.2072607084773743,0.1946312181549601,,0.1751253012893498,-0.3739612188365651,0.8408876809528718,2019-02-28,2026-08-06,ICICI Prudential Retirement Fund - Pure Equity - IDCW Option,ICICI Prudential Mutual Fund,Solution Oriented Scheme - Retirement Fund,1.44,18045
146719,0.0695331093979012,0.097903753718705,0.0810932744874957,,0.0463119057972997,-0.103082383367419,0.8184451290906518,2019-02-28,2026-08-06,ICICI Prudential Retirement Fund - Hybrid Conservative - IDCW Option,ICICI Prudential Mutual Fund,Solution Oriented Scheme - Retirement Fund,1.42,16725
146937,0.0047372199998125,0.0154475572520711,0.0314034302640979,,0.0539332419471624,-0.0913651501467599,-0.826066469202355,2019-03-13,2026-08-06,Aditya Birla Sun Life Retirement Fund-The 50s Plan- Direct - Payout of IDCW,Aditya Birla Sun Life Mutual Fund,Solution Oriented Scheme - Retirement Fund,1.31,8625
146943,0.0442901165766052,0.0619727216924257,0.0535220014761861,,0.0153767479913274,-0.0226060687886049,0.1282925163069821,2019-03-13,2026-08-06,Aditya Birla Sun Life Retirement Fund-The 50s Plus-Debt Plan-Direct Plan-Growth,Aditya Birla Sun Life Mutual Fund,Solution Oriented Scheme - Retirement Fund,1.41,15795
146960,0.00194459171999,0.0015766791627918,0.0013095429890999,,0.0191473659766606,-0.0471660688269232,-3.051245842818392,2019-03-24,2026-08-06,Sundaram Overnight Fund Regular Plan - Monthly Payout of Income Distribution cum Capital Withdrawal (IDCW),Sundaram Mutual Fund,Debt Scheme - Overnight Fund,0.64,7292
146978,1.901301371010078e-06,6.331884676580302e-07,3.8005173741417764e-07,,1.1943067294206758e-05,-2.3599443053079483e-05,-5023.782026300423,2019-03-28,2026-08-06,TATA Overnight Fund Direct Plan - Daily Reinvestment of Income Distribution cum capital withdrawal option   ,Tata Mutual Fund,Debt Scheme - Overnight Fund,0.56,2468
147006,-0.0003288441141849,-0.0002139546436336,8.469979457426113e-05,,0.0138046524269618,-0.0060094050406934,-4.361859522520823,2019-03-27,2026-08-06,Union Overnight Fund - Direct Plan - Monthly IDCW Option,Union Mutual Fund,Debt Scheme - Overnight Fund,0.7,11072
147159,0.0002255941129545,-0.0001622528630501,2.7088524047647056e-05,,0.0067037330779278,-0.0023040719091304,-8.97444038473657,2019-12-18,2026-08-06,ITI Liquid Fund - Direct Plan - Weekly IDCW Option,ITI Mutual Fund,Debt Scheme - Liquid Fund,0.28,11460
147289,0.0,1.899545520434032e-06,2.980390233053853e-06,,0.0007115469185519,-0.0007849728851621,-84.32065249692768,2019-07-22,2026-08-06,HSBC Overnight Fund - Regular Daily IDCW,HSBC Mutual Fund,Debt Scheme - Overnight Fund,0.65,7952
147301,-0.0003336576738453,-0.0002185532745857,9.392998000468113e-05,,0.0133881036549913,-0.0059247800164101,-4.49791507642944,2019-08-19,2026-08-06,HSBC Overnight Fund - Regular Monthly IDCW,HSBC Mutual Fund,Debt Scheme - Overnight Fund,0.67,9428
147316,5.974302599298653e-07,0.0011075578264183,0.0007053746310845,,0.0010070321469306,-0.0020111440335445,-58.48119382591546,2019-06-10,2026-08-06,WhiteOak Capital Ultra Short Duration Fund- Direct plan-Daily Reinvestment of Income Distribution cum capital withdrawal option (IDCW),WhiteOak Capital Mutual Fund,Debt Scheme - Ultra Short Duration Fund,0.69,10604
147346,0.1577980474939229,0.1376095447183432,0.1379300605399556,,0.135428464971708,-0.3073394495412844,0.5730667089415536,2019-06-18,2026-08-06,ICICI Prudential MNC Fund - Direct Plan - Growth Option,ICICI Prudential Mutual Fund,Equity Scheme - Sectoral/ Thematic,1.7,6600
147371,0.0067699771317009,0.0891318268954017,0.0788775990892818,,0.1565461236605796,-0.331511839708561,0.1860910140359966,2019-07-12,2026-08-06,QUANTUM ESG BEST IN CLASS STRATEGY FUND - REGULAR PLAN - GROWTH OPTION,Quantum Mutual Fund,Equity Scheme - Sectoral/ Thematic,1.64,3660
147459,-0.0002996655513927,-0.0002169910331114,0.0001345858343488,,0.0128596494109191,-0.0060517919506659,-4.682630848550282,2019-07-09,2026-08-06,Groww Overnight Fund (formerly known as Indiabulls Overnight Fund)- Regular Plan- Monthly - Income Distribution cum capital withdrawal Option (Payout & Reinvestment),Groww Mutual Fund,Income/Debt Oriented Schemes - Overnight Fund,0.6,5240
147473,0.1431809493775999,0.1717625034267764,0.1460521861708803,,0.168600730091336,-0.3632774804807439,0.662882677709826,2019-07-23,2026-08-06,Kotak Focused Fund- Direct Plan- Growth option,Kotak Mahindra Mutual Fund,Equity Scheme - Focused Fund,1.39,14310
147577,3.880904023478848e-06,0.0,0.0,,0.0045694951420189,-0.0119294086876842,-13.13055340583858,2019-08-07,2026-08-06,Axis Money Market Fund - Regular Plan - Daily IDCW,Axis Mutual Fund,Debt Scheme - Money Market Fund,0.29,15120
147701,0.0931920861877717,0.2212502532591072,0.1803437163863266,,0.1948273442641292,-0.3752889802209093,0.8276571949802835,2019-10-22,2026-08-06,Motilal Oswal Large and Midcap Fund - Regular Plan Growth,Motilal Oswal Mutual Fund,Equity Scheme - Large & Mid Cap Fund,1.49,14160
147730,-0.0024721492075208,-0.0003136681313842,0.0002163300838093,,0.0071449376405078,-0.0091844710980838,-8.44145479863099,2019-10-18,2026-08-06,Mahindra Manulife Ultra Short Duration Fund - Regular Plan - Weekly IDCW,Mahindra Manulife Mutual Fund,Debt Scheme - Ultra Short Duration Fund,0.71,11372
147736,0.0534044425196249,0.0615631806773482,0.0569387547931454,,0.0013421877748116,0.0,1.16465125572133,2019-10-16,2026-08-06,Mirae Asset Overnight Fund Direct Plan Growth,Mirae Asset Mutual Fund,Debt Scheme - Overnight Fund,0.68,10076
147795,0.0089043512447914,0.0873964602425598,0.0932953205493671,,0.1758789854321094,-0.373255178580299,0.1557688098737362,2019-12-26,2026-08-06,Motilal Oswal Nifty 50 Index Fund - Regular plan - Growth,Motilal Oswal Mutual Fund,Other Scheme - Index Funds,1.35,11400
147827,-0.0367788819868474,0.1054295382779226,0.0863205341207897,,0.1187727226389575,-0.1745419479267115,0.3824913437070757,2019-12-27,2026-08-06,Axis Retirement Fund - Dynamic Plan - Direct Plan - IDCW,Axis Mutual Fund,Solution Oriented Scheme - Retirement Fund,1.4,14925
147838,0.0,0.0,0.0,,34.6427835050764,-1.0999987899440455e-06,-0.0017319624443921,2019-12-04,2026-08-06,JM Overnight Fund (Direct) - Daily IDCW,JM Financial Mutual Fund,Debt Scheme - Overnight Fund,0.74,13616
147884,0.0,6.461848456318364e-06,0.0001059939780461,,0.0004621215565496,-0.0005060437900291,-129.8219857984542,2020-01-09,2026-08-06,Invesco India Overnight Fund - Direct Plan - Daily IDCW (Reinvestment),Invesco Mutual Fund,Income/Debt Oriented Schemes - Overnight Fund,0.59,4592
147898,0.037504711293189,0.0557176359764197,0.0429808909310414,,0.029048099859077,-0.0314453429377846,-0.147423206487018,2020-01-31,2026-08-06,Axis Income Plus Arbitrage Active FOF - Regular Plan - Annual IDCW,Axis Mutual Fund,Other Scheme - FoF Domestic,1.32,9105
147919,0.2028965490755638,0.2637823424578571,0.1872609896757775,,0.2016083917724135,-0.3986034972590132,1.0107830366897508,2020-02-19,2026-08-06,ITI Small Cap Fund - Direct Plan - Growth Option,ITI Mutual Fund,Equity Scheme - Small Cap Fund,1.53,7116
147929,0.0225036130672453,0.0951667722479125,0.0699609588839675,,0.1447088200157381,-0.2508650519031141,0.2430174763645225,2020-02-18,2026-08-06,Axis ESG Integration Strategy Fund - Regular Plan - Growth Option,Axis Mutual Fund,Equity Scheme - Sectoral/ Thematic,1.8,11412
147949,0.0001001371334894,-0.0001710272376074,0.0001755643791097,,0.0163953223980936,-0.0060896884786909,-3.670011834875777,2021-06-17,2026-08-06,BANK OF INDIA Overnight Fund Regular Plan- Monthly IDCW,Bank of India Mutual Fund,Debt Scheme - Overnight Fund,0.59,4256
148054,0.1030896033958861,0.1327456431359552,0.1201454704312716,,0.1059225501337016,-0.1358682813093807,0.686781455357065,2020-03-12,2026-08-06,Tata Multi Asset Allocation Fund-Regular Plan-Dividend Payout,Tata Mutual Fund,Hybrid Scheme - Multi Asset Allocation,1.23,20010
148074,0.1441580591026106,0.1913690007617015,0.1702925455500796,,0.1626963914556219,-0.2126252126252126,0.8074487675255816,2020-03-30,2026-08-06,Union Midcap Fund - Direct Plan - IDCW Option,Union Mutual Fund,Equity Scheme - Mid Cap Fund,1.65,24225
148239,,,,,,,,2020-03-06,2026-08-06,UTI - Credit Risk Fund (Segregated - 06032020) - Direct Plan - Annual Dividend Option,UTI Mutual Fund,Debt Scheme - Credit Risk Fund,0.73,12944
148257,,,,,,,,2020-03-06,2026-08-06,UTI - Medium Term Fund (Segregated - 06032020) - Direct Plan - Growth Option,UTI Mutual Fund,Debt Scheme - Medium Duration Fund,0.75,13784
148292,,,,,,,,2020-03-06,2026-08-06,NIPPON INDIA CONSERVATIVE HYBRID FUND -  SEGREGATED PORTFOLIO 2 - DIRECT Plan - QUARTERLY IDCW Option,Nippon India Mutual Fund,Hybrid Scheme - Conservative Hybrid Fund,1.17,15555
148296,,,,,,,,2020-03-06,2026-08-06,Nippon India Conservative Hybrid  Fund - Segregated Portfolio 2 - Direct Plan - Growth Plan - Growth Option,Nippon India Mutual Fund,Hybrid Scheme - Conservative Hybrid Fund,1.14,13290
148314,,,,,,,,2020-03-06,2026-08-06,Franklin India Short Term Income Plan - Segregated Portfolio 3 (9.50% Yes Bank Ltd CO 23Dec21) - Institutional Plan Growth Option,Franklin Templeton Mutual Fund,Debt Scheme - Short Duration Fund,0.71,11312
148414,0.0,0.0,0.0,,0.0,0.0,,2020-06-30,2026-08-06,JM Liquid Fund - Unclaimed Application Refund Amount I.E.F. (Direct) - Growth Plan,JM Financial Mutual Fund,Debt Scheme - Liquid Fund,0.25,4410
148456,0.0687505569657698,-0.4757642070094631,-0.2948837985047657,,0.3958081740713891,-0.9110013853547584,-1.3535956104656677,2020-08-13,2026-08-06,ICICI Prudential Nifty Alpha Low- Volatility 30 ETF,ICICI Prudential Mutual Fund,Other Scheme - Other  ETFs,1.31,8550
148518,0.0899728601453186,0.1655400621458769,0.1441838687656638,,0.184526855589074,-0.271724171351037,0.5719496048906065,2020-10-19,2026-08-06,Nippon India Nifty Smallcap 250 Index Fund - Regular Plan - Growth Option,Nippon India Mutual Fund,Other Scheme - Index Funds,1.38,13455
148597,0.0503910169823733,0.0772234975287251,0.0550815892241387,,0.1323915201976181,-0.2528332236601593,0.1300951715262124,2020-12-11,2026-08-06,DSP Value Fund - Regular Plan - IDCW,DSP Mutual Fund,Equity Scheme - Value Fund,1.5,22395
148613,0.138953725224477,0.1944137808590726,0.039930324001449,,0.2899495546935838,-0.5211876571349032,0.4635764348771633,2020-12-29,2026-08-06,Invesco India - Invesco Global Consumer Trends Fund of Fund - Regular Plan - Growth,Invesco Mutual Fund,Overseas Fund of Funds - Fund of Funds investing overseas,1.39,14220
148623,0.088065416608966,0.1440134149204859,0.1427013284845621,,0.170145961871113,-0.21043892578689,0.493772605571014,2020-12-14,2026-08-06,Mirae Asset Banking and Financial Services Fund Direct Growth,Mirae Asset Mutual Fund,Equity Schemes - Thematic Fund,1.66,4752
148646,0.12888228818727,0.1121944364019265,0.040729091763686,,0.1837481329988524,-0.2554153289789291,0.2840542407157545,2021-01-05,2026-08-06,Kotak International REIT Overseas Equity Omni FOF - Direct Plan - Growth,Kotak Mahindra Mutual Fund,Other Scheme - FoF Overseas,1.32,9015
148689,0.0369182934864678,0.0728130869463894,0.0752095094833484,,0.0340292014493366,-0.0444690519435797,0.3765321077388736,2021-02-17,2026-08-06,SBI Retirement Benefit Fund - Conservative Plan - Direct Plan - Income Distribution cum Capital Withdrawal Option (IDCW),SBI Mutual Fund,Solution Oriented Scheme - Retirement Fund,1.47,19890
148728,0.0096954011968235,0.026175004450295,0.0238935861701905,,0.0360970827015345,-0.0457010598956331,-0.9370562111454775,2021-02-25,2026-08-06,Mahindra Manulife Short Duration Fund - Regular Plan - IDCW,Mahindra Manulife Mutual Fund,Debt Scheme - Short Duration Fund,0.6,5132
148731,0.105724802795815,0.1981150726733229,0.1547205847262023,,0.1665945462881161,-0.2266010624128367,0.8290491840858977,2021-03-10,2026-08-06,ITI Mid Cap Fund - Direct Plan - IDCW Option,ITI Mutual Fund,Equity Scheme - Mid Cap Fund,1.62,22500
148768,0.0577753931709346,0.0780129944191592,0.0660190863128165,,0.0105649339745662,-0.0052611979489921,1.7049793649939702,2021-03-22,2026-08-06,DSP Floater Fund - Regular Plan - Growth,DSP Mutual Fund,Debt Scheme - Floater Fund,0.61,5720
148797,0.0606005287843494,0.0685667830622271,0.0594391376849192,,0.0122632785444943,-0.0309766254576621,0.6985720034935742,2021-03-22,2026-04-30,Edelweiss NIFTY PSU Bond Plus SDL Apr 2026 50:50 Index Fund - Regular Plan - Growth,Edelweiss Mutual Fund,Other Scheme - Index Funds,1.46,19815
148807,0.1076065723299124,0.186012434844246,0.1760121579559843,,0.1679016170405602,-0.2118748986720512,0.7505135272985788,2021-04-06,2026-08-06,Aditya Birla Sun Life Nifty Midcap 150 Index Fund-Direct Growth,Aditya Birla Sun Life Mutual Fund,Index Funds - Equity Funds,1.37,12645
148902,0.1029349958724039,0.1482577033180017,0.1400444901903066,,0.0732053272503269,-0.0883930281555257,1.2056185886063029,2021-05-05,2026-08-06,HDFC Multi-Asset Active FOF - IDCW Option - Direct Plan,HDFC Mutual Fund,Other Scheme - FoF Domestic,1.46,19710
148925,0.1572619434988829,0.1764123394180754,0.1982311801061995,,0.1750455811697948,-0.2334426735899151,0.6650401492006532,2021-05-03,2026-08-06,quant Quantamental Fund - Growth Option - Direct Plan,quant Mutual Fund,Equity Scheme - Sectoral/ Thematic,1.64,3624
148954,0.3051793951397072,0.2480499507886182,0.1338589933080876,,0.2035717519949967,-0.3083778966131908,0.9237526766151724,2021-06-03,2026-08-06,Axis Global Innovation Fund of Fund - Direct Plan - Growth,Axis Mutual Fund,Other Scheme - FoF Overseas,1.49,21855
148980,0.1019646287292037,0.1469379691067582,0.1173632809440827,,0.1467956776129861,-0.2258883248730964,0.5922379358877485,2021-07-01,2026-08-06,BANK OF INDIA Large Cap Fund Direct Plan Growth,Bank of India Mutual Fund,Equity Scheme - Large Cap Fund,1.32,31100
148988,0.0135387409338587,0.0984273540382796,0.1142370011522428,,0.1474612660120288,-0.2819738167170191,0.2605928667067391,2021-07-19,2026-07-31,,,,1.34,10440
148989,0.1054521981128822,0.1650505855791268,0.1543003903035082,,0.1357639092543067,-0.2002012072434607,0.7737740181181064,2021-07-19,2026-07-31,,,,1.34,10440
148990,0.1159218035747635,0.1761192674998832,0.167339944935561,,0.1358742387800474,-0.1971014492753622,0.8546084124736592,2021-07-19,2026-07-31,,,,1.34,10440
148991,0.0279211608762788,0.1124161400042884,0.1289885676344271,,0.1464233497791158,-0.2658289028516192,0.3579766484195303,2021-07-19,2026-07-31,,,,1.34,10440
149037,0.0635347209455368,0.0761548747276974,0.0677423373134522,,0.0075404541799689,-0.0057116857217538,2.1424272785334995,2021-07-12,2026-08-06,Tata Floating Rate Fund-Direct Plan-IDCW Monthly Dividend Reinvestment,Tata Mutual Fund,Debt Scheme - Floater Fund,0.62,5984
149077,0.0186859909291161,0.0338729649151443,,,0.0090869731286218,-0.0156924484422728,-2.875218702095807,2021-08-09,2026-08-06,TRUSTMF Short Duration Fund-Direct Plan-Weekly Income Distribution Cum Capital Withdrawal,Trust Mutual Fund,Debt Scheme - Short Duration Fund,0.66,8828
149130,0.0566198577491228,0.0720519035440199,,,0.0133789750474122,-0.0323791601594707,0.900809180173406,2021-08-24,2026-06-29,Nippon India Fixed Maturity Plan - XLIII - Series 1 - Direct Plan - Income Distribution Cum Capital Withdrawal Plan,Nippon India Mutual Fund,IDF,1.32,9000
149137,0.0569417662913454,0.0682384016766348,,,0.0129639998103671,-0.032946581755794,0.6354830142813442,2021-08-20,2026-05-14,Kotak FMP Series 292 - Regular Plan - IDCW Payout,Kotak Mahindra Mutual Fund,IDF,1.42,16500
149165,0.0265084484927067,0.1177780013793925,,,0.1561210291237735,-0.2561855670103092,0.3700846817604939,2021-09-28,2026-08-06,Axis Value Fund - Regular Plan - IDCW,Axis Mutual Fund,Equity Scheme - Value Fund,1.34,10335
149167,0.1205958966360614,0.1839881672317356,,,0.1465916056711499,-0.2083720930232558,0.8458067340491463,2021-09-28,2026-08-06,Axis Value Fund - Regular Plan - Growth,Axis Mutual Fund,Equity Scheme - Value Fund,1.39,13875
149229,0.1353205820720391,0.0850880583868882,,,0.1449404426904192,-0.2765900508459457,0.1730921882201938,2021-10-22,2026-08-06,Mahindra Manulife Asia Pacific REITs FOF - Regular Plan - IDCW,Mahindra Manulife Mutual Fund,Other Scheme - FoF Overseas,1.36,11715
149246,-0.0046454398870667,0.0526134331393091,,,0.0315179267865223,-0.0601224967724502,-0.2343608103008068,2021-10-18,2026-08-06,Edelweiss NIFTY PSU Bond Plus SDL Apr 2027 50:50 Index Fund - Direct Plan - IDCW,Edelweiss Mutual Fund,Other Scheme - Index Funds,1.38,13545
149299,0.2367095058689168,0.1502197695860487,,,0.1560035601322441,-0.2775700934579438,0.5783186583022176,2021-12-08,2026-08-06,PGIM India Global Select Real Estate Securities Fund of Fund - Regular Plan - Growth Option,PGIM India Mutual Fund,Other Scheme - FoF Overseas,1.36,11670
149318,0.0384558386900597,0.1850483616188041,,,0.1670693544311249,-0.2238599702123884,0.7484817430736879,2021-11-30,2026-08-06,360 ONE QUANT FUND DIRECT GROWTH,360 ONE Mutual Fund,Equity Scheme - Sectoral/ Thematic,1.72,7740
149361,0.0546969353684951,0.0754718089318313,,,0.01139617611476,-0.0169493199529844,1.3576316104656014,2021-12-07,2026-08-06,Tata Corporate Bond Fund-Direct Plan-Growth,Tata Mutual Fund,Debt Scheme - Corporate Bond Fund,0.56,2732
149367,0.0075607742832892,0.1120700947161776,,,0.1506581510204565,-0.2020491185776707,0.3456175080039815,2021-12-10,2026-08-06,HDFC Multi Cap Fund - IDCW Option - Direct Plan,HDFC Mutual Fund,Equity Scheme - Multi Cap Fund,1.54,37394
149408,0.0533568651790563,0.0612955624647284,,,3.7852368956751534,0.0,0.0003422672082185,2021-12-01,2026-08-06,ICICI Prudential Overnight fund - Direct Plan - Unclaimed IDCW Transitory Scheme,ICICI Prudential Mutual Fund,Debt Scheme - Overnight Fund,0.75,13928
149411,0.0,0.0,,,3.784733877872497,0.0,-0.0158531621868556,2021-12-01,2026-08-06,ICICI Prudential Overnight fund - Direct Plan - Unclaimed IDCW Stable Scheme,ICICI Prudential Mutual Fund,Debt Scheme - Overnight Fund,0.58,3620
149447,0.1322282163437009,0.1894752701352757,,,0.1812657372565802,-0.2629124644391903,0.7142842993654367,2022-01-20,2026-08-06,Navi Nifty Next 50 Index Fund- Direct Plan- Growth,Navi Mutual Fund,Other Scheme - Index Funds,1.41,15855
149450,-0.0268451378201264,-0.0050086462274455,,,0.1655348764818228,-0.3015873015873016,-0.3927187285791346,2022-02-09,2026-08-06,Samco Flexi Cap Fund - Direct Plan - Growth Option,Samco Mutual Fund,Equity Scheme - Flexi Cap Fund,1.42,24612
149468,0.066776539154052,0.1611021334600793,,,0.1793252374612725,-0.2658661178001258,0.5637919954346279,2022-02-02,2026-08-06,Axis Nifty Next 50 Index Fund - Regular Plan - IDCW,Axis Mutual Fund,Other Scheme - Index Funds,1.5,22305
149550,0.0661547951978744,0.0733814558621925,,,0.0098551782318931,-0.0053536773071003,1.3578096252879273,2022-01-03,2026-08-06,Sundaram Arbitrage Fund (Formerly Known as Prinicpal Arbitrage Fund) - Direct Plan - Growth,Sundaram Mutual Fund,Hybrid Scheme - Arbitrage Fund,1.23,20400
149661,0.06300898184821,0.0683705142862471,,,0.0016024555626729,-0.0002873110892198,5.223554700190802,2022-01-01,2026-08-06,Sundaram Liquid Fund (Formerly Known as Principal Cash Management Fund) -Growth Option,Sundaram Mutual Fund,Debt Scheme - Liquid Fund,0.31,20280
149758,0.9580620534638732,0.4429877394904007,,,0.3249353993478839,-0.4440955483605595,1.1786580971449174,2022-02-04,2026-08-06,Nippon India Silver ETF,Nippon India Mutual Fund,Other Scheme - Other  ETFs,1.48,20895
149766,0.0532005760885483,0.1877492195461152,,,0.1449421619061858,-0.1964285714285715,0.8813806684407068,2022-02-16,2026-08-06,Invesco India Flexi Cap Fund - Regular Plan - Growth,Invesco Mutual Fund,Equity Schemes - Flexi Cap Fund,1.35,17198
149796,0.0458791509526441,0.0531512787626855,,,0.0013932522587264,-9.175531715455154e-05,-4.915636198985719,2022-01-19,2026-08-06,TRUST MF OVERNIGHT FUND-DIRECT PLAN-DAILY IDCW REINVESTMENT,Trust Mutual Fund,Debt Scheme - Overnight Fund,0.75,13928
149844,0.075536755508168,0.1041314389996241,,,0.125288063008856,-0.2220160791589362,0.3522397740038868,2022-02-28,2026-08-06,Axis Multi Factor Passive FoF - Regular Plan - Growth Option,Axis Mutual Fund,Other Scheme - FoF Domestic,1.32,9195
149870,0.1159564221321354,0.1644933255145186,,,0.15133953071942,-0.2159580851631256,0.6904562543427392,2022-02-23,2026-08-06,HDFC Nifty 100 Equal Weight Index Fund - Direct Plan - Growth Option,HDFC Mutual Fund,Other Scheme - Index Funds,1.4,15090
149878,0.0593499426854013,0.0758067460229146,,,0.0130730958390441,-0.0383618506638596,1.2091050365978442,2022-02-22,2026-08-06,SBI Fixed Maturity Plan (FMP) - Series 60 (1878 Days) - Direct Plan - Growth,SBI Mutual Fund,IDF,1.36,12360
149911,0.3668347887846508,0.3021526504633414,,,0.2362810797689008,-0.2510895365578427,1.024849940165261,2022-03-25,2026-08-06,Navi NASDAQ100 US Specific Equity Passive FOF- Regular- Growth,Navi Mutual Fund,Other Scheme - FoF Overseas,1.33,10005
149968,0.0548831696639586,0.0745962775539739,,,0.0158141161388157,-0.0273234942161947,0.9229904109624768,2022-03-22,2026-08-06,DSP Nifty SDL Plus G-Sec Jun 2028 30:70 Index Fund - Regular - Growth,DSP Mutual Fund,Other Scheme - Index Funds,1.31,8010
149996,0.0580998113865205,0.0752953022342608,,,0.016769580240558,-0.0381604988612516,0.9120861712011396,2022-03-25,2026-08-06,ICICI Prudential Nifty SDL Sep 2027 Index Fund - Annual IDCW,ICICI Prudential Mutual Fund,Other Scheme - Index Funds,1.42,16755
150186,-0.0466640944229798,0.0256306882163286,,,0.1572891947842094,-0.3029937793000722,-0.2185103168137126,2022-03-14,2026-08-06,BARODA BNP PARIBAS LARGE CAP Fund - Regular Plan - IDCW Option,Baroda BNP Paribas Mutual Fund,Equity Scheme - Large Cap Fund,1.36,35950
150257,0.0192397076105601,0.0131054225576006,,,0.0288817800706655,-0.0222069121727477,-1.6236733791221172,2022-03-14,2026-08-06,BARODA BNP PARIBAS ARBITRAGE FUND REGULAR PLAN QUARTERLY IDCW Option,Baroda BNP Paribas Mutual Fund,Hybrid Scheme - Arbitrage Fund,1.17,15795
150265,-0.0676055368209425,0.0170190236821181,,,0.1757837359971806,-0.324857069715846,-0.2445105406029782,2022-03-14,2026-08-06,BARODA BNP PARIBAS Focused Fund - Direct Plan - IDCW Option,Baroda BNP Paribas Mutual Fund,Equity Scheme - Focused Fund,1.31,8295
150312,0.0309821234111384,0.1099097881158821,,,0.1463080256016067,-0.2157570972729366,0.3411281637535408,2022-04-13,2026-08-06,UTI Nifty Midcap 150 Quality 50 Index Fund - Regular Plan - Growth Option,UTI Mutual Fund,Other Scheme - Index Funds,1.34,10320
150316,0.0590909726266131,0.0757144448717719,,,0.0145749489996639,-0.0328091052243417,1.078181808535606,2022-03-25,2026-08-06,Aditya Birla Sun Life Fixed Term Plan - Series TQ (1879 days) - Direct Plan - Growth Option,Aditya Birla Sun Life Mutual Fund,Income,1.47,20505
150347,0.0805278670357785,0.154887480517883,,,0.1294963996714354,-0.1582725615314494,0.7327422288081845,2022-08-03,2026-08-06,WhiteOak Capital Flexi Cap Fund Regular Plan-Growth,WhiteOak Capital Mutual Fund,Equity Scheme - Flexi Cap Fund,1.41,23314
150387,0.0722527337364595,0.1479110207371898,,,0.1409413201613719,-0.2039579756118855,0.6237419987022643,2022-08-22,2026-08-06,Baroda BNP Paribas Flexi Cap Fund - Direct Plan - Growth Option,Baroda BNP Paribas Mutual Fund,Equity Scheme - Flexi Cap Fund,1.47,30046
150398,-0.1368421806472459,-0.0016610359331505,,,0.1077829795090584,-0.1874542943040545,-0.5720850937134129,2022-07-26,2025-09-25,HDFC FMP 1158D July 2022 - IDCW Option,HDFC Mutual Fund,Income,1.31,8175
150430,-0.023928282727422,0.0707227003780328,,,0.1477041685994545,-0.286265298394912,0.0725957871040916,2022-08-04,2026-08-06,DSP Nifty Midcap 150 Quality 50 Index Fund - Regular - IDCW,DSP Mutual Fund,Other Scheme - Index Funds,1.35,10995
150491,0.0630493964805152,0.1211492595828267,,,0.1234628395882947,-0.2507593980531551,0.4952847333395059,2022-08-22,2026-08-06,Nippon India Nifty Alpha Low Volatility 30 Index Fund - Regular Plan - IDCW Option,Nippon India Mutual Fund,Other Scheme - Index Funds,1.4,15375
150533,0.032662268950341,0.1032580547356076,,,0.1467065759367802,-0.241919830271295,0.2948610480436044,2022-09-09,2026-08-06,Tata Housing Opportunities Fund - Direct Plan - IDCW Reinvestment,Tata Mutual Fund,Equity Scheme - Sectoral/ Thematic,1.7,6732
150568,-0.0201613690339763,0.0890456135396744,,,0.1235053166296818,-0.1616713091922005,0.2351770298825657,2022-09-07,2026-07-31,,,,1.34,10440
150569,-0.1460530729854027,0.0221409007407535,,,0.1336463070132606,-0.2598673430597611,-0.2832783045437234,2022-09-07,2026-07-31,,,,1.34,10440
150570,-0.1460530729854027,0.0221409007407535,,,0.1336463070132606,-0.2598673430597611,-0.2832783045437234,2022-09-07,2026-07-31,,,,1.34,10440
150571,-0.0068482322618118,0.1046823745367606,,,0.1235164500857095,-0.1566289486688883,0.3617524184491621,2022-09-07,2026-07-31,,,,1.34,10440
150572,-0.1337009515332027,0.0371126469802367,,,0.1335530109560876,-0.241761862221462,-0.1713727968835434,2022-09-07,2026-07-31,,,,1.34,10440
150573,-0.1337009515332027,0.0371126469802367,,,0.1335530109560876,-0.241761862221462,-0.1713727968835434,2022-09-07,2026-07-31,,,,1.34,10440
150590,0.0259087083215576,0.121439302248308,,,0.1832643593941003,-0.3175773737788149,0.3352495949099738,2022-09-05,2026-08-06,BANDHAN NIFTY200 MOMENTUM 30 INDEX FUND - IDCW - DIRECT PLAN,Bandhan Mutual Fund,Other Scheme - Index Funds,1.33,9690
150620,0.0677037545714163,0.1106579142565562,,,0.1193993432024119,-0.2105186983519306,0.424272972512741,2022-09-23,2026-08-06,HDFC NIFTY100 QUALITY 30 ETF - Growth Option,HDFC Mutual Fund,Other Scheme - Other  ETFs,1.4,15090
150635,0.0491296891218742,0.1106670192676222,,,0.1094492688357113,-0.1847934520017787,0.4629269780109346,2022-10-07,2026-08-06,BANDHAN NIFTY100 LOW VOLATILITY 30 INDEX FUND - IDCW - REGULAR PLAN,Bandhan Mutual Fund,Other Scheme - Index Funds,1.34,10515
150645,0.2257632080179681,0.2365097588701108,,,0.1805759331506489,-0.2851465747341144,0.9774821915102838,2022-10-12,2026-08-06,ICICI Prudential Nifty Auto Index Fund - Growth,ICICI Prudential Mutual Fund,Other Scheme - Index Funds,1.45,18630
150674,0.103964580342573,0.1790522711433892,,,0.159553014839015,-0.2128003230365436,0.7461612133340759,2022-10-11,2026-08-06,SBI Nifty Midcap 150 Index Fund - Regular Plan - Income Distribution cum Capital Withdrawal Option (IDCW),SBI Mutual Fund,Other Scheme - Index Funds,1.38,13680
150695,0.0649609077963859,0.0700493101643504,,,0.0086180823408029,-0.0041801143212659,1.166072655951696,2022-10-04,2026-02-13,TATA CRISIL-IBX GILT INDEX - APRIL 2026 INDEX FUND - REGULAR PLAN - IDCW PAYOUT,Tata Mutual Fund,Other Scheme - Index Funds,1.34,10365
150696,0.0649609077963859,0.0700493101643504,,,0.0086180823408029,-0.0041801143212659,1.166072655951696,2022-10-04,2026-02-13,TATA CRISIL-IBX GILT INDEX - APRIL 2026 INDEX FUND - REGULAR PLAN - IDCW REINVESTMENT,Tata Mutual Fund,Other Scheme - Index Funds,1.31,8340
150706,0.0550117501810787,0.0783071382354949,,,0.0176780914803991,-0.0105660319947663,1.035583408751633,2022-10-10,2026-08-06,SBI CRISIL IBX Gilt Index - April 2029 Fund - Direct Plan - Growth,SBI Mutual Fund,Other Scheme - Index Funds,1.45,18615
150721,-0.0337692972532711,0.0476255857536105,,,0.0470518595021202,-0.0776157005389047,-0.2629952222362615,2022-10-13,2026-08-06,Edelweiss CRISIL IBX 50:50 Gilt Plus SDL April 2037 Index Fund - Regular Plan - IDCW Option,Edelweiss Mutual Fund,Other Scheme - Index Funds,1.47,20250
150725,0.0540576330199367,0.0757548540503021,,,0.011882979421327,-0.006312897450145,1.3258336559959023,2022-10-17,2026-08-06,Kotak Nifty SDL Plus AAA PSU Bond Jul 2028 60:40 Index Fund Direct Plan - Growth,Kotak Mahindra Mutual Fund,Other Scheme - Index Funds,1.36,11895
150730,0.0495581538271152,0.0775013934868464,,,0.0170972296111324,-0.0116136297872008,1.0236391441716874,2022-10-13,2026-08-06,ICICI Prudential Nifty SDL Dec 2028 Index Fund - Direct Plan - Annual IDCW,ICICI Prudential Mutual Fund,Other Scheme - Index Funds,1.43,17310
150732,0.0531900288330411,0.0778126934535419,,,0.0207189293053196,-0.0186036549450381,0.8597304035864661,2022-10-12,2026-08-06,ICICI Prudential Nifty G-Sec Dec 2030 Index Fund - Growth,ICICI Prudential Mutual Fund,Other Scheme - Index Funds,1.47,20340
150778,0.0551655379191553,0.0785749880312411,,,0.0172791737788152,-0.0096632281553398,1.0749928364060253,2022-10-21,2026-08-06,Aditya Birla Sun Life Crisil IBX Gilt-Apr-2029 Index Fund-Direct Growth,Aditya Birla Sun Life Mutual Fund,Other Scheme - Index Funds,1.41,15510
150780,-0.0077676678465755,0.0098849269692666,,,0.0465115914430376,-0.0427728473873139,-1.0774749148738283,2022-10-21,2026-08-06,Aditya Birla Sun Life Crisil IBX Gilt-Apr 2029 Index Fund-Direct IDCW,Aditya Birla Sun Life Mutual Fund,Other Scheme - Index Funds,1.37,12705
150790,0.0527188756551195,0.0778184543853783,,,0.0241944803296384,-0.0233247933632233,0.7364677456432333,2022-10-21,2026-08-06,Mirae Asset CRISIL IBX Gilt Index - April 2033 Index Fund - Regular Plan - Growth,Mirae Asset Mutual Fund,Other Scheme - Index Funds,1.47,20145
150845,0.0565812464628818,0.0717563791646083,,,0.0091497848312204,-0.0054848188050931,1.2848803968038471,2022-11-10,2026-08-06,HDFC Nifty G-Sec Dec 2026 Index Fund - Growth Option - Direct Plan,HDFC Mutual Fund,Other Scheme - Index Funds,1.42,16470
150863,0.1137836473071378,0.1487622650261719,,,0.1010875475395184,-0.1236494518119094,0.8780731869221763,2022-12-26,2026-08-06,Baroda BNP Paribas Multi Asset Fund - Regular Plan - Growth Option,Baroda BNP Paribas Mutual Fund,Hybrid Scheme - Multi Asset Allocation,1.19,17295
150867,-0.0068593246984128,0.0025793170836281,,,0.0468860543365235,-0.0471030892836935,-1.2246857563282314,2023-02-28,2026-08-06,BANDHAN CRISIL IBX 90:10 SDL PLUS GILT - NOV 2026 INDEX FUND - DIRECT IDCW,Bandhan Mutual Fund,Other Scheme - Index Funds,1.41,15810
150884,0.0555318531435176,0.0684432031564796,,,0.0065553847927426,-0.0033073470351996,1.2879797942337383,2022-11-25,2026-05-29,DSP FMP Series - 268 - 1281 Days - Regular - Growth,DSP Mutual Fund,Income,1.35,10935
150885,0.0571199328210909,0.0700460553086315,,,0.0065761426398414,-0.0032766237983253,1.5276516734548482,2022-11-25,2026-05-29,DSP FMP Series - 268 - 1281 Days - Direct - Growth,DSP Mutual Fund,Income,1.41,15885
150897,0.1260138512500908,0.1820827532259952,,,0.1746993354227577,-0.2664628702521273,0.6988163574324148,2022-12-02,2026-08-06,Edelweiss Nifty Next 50 Index Fund - Regular Plan - Growth,Edelweiss Mutual Fund,Other Scheme - Index Funds,1.36,11970
150901,0.0448500066934556,0.1752265323458082,,,0.1861753054344539,-0.2601224659413504,0.6189141576908845,2022-12-02,2026-08-06,Edelweiss Nifty Midcap150 Momentum 50 Index Fund - Regular Plan - IDCW,Edelweiss Mutual Fund,Other Scheme - Index Funds,1.38,13215
150937,-0.1539800858704114,-0.0094325281989856,,,0.1108349108319467,-0.1995517489794285,-0.6264499847368726,2022-12-06,2026-04-30,Aditya Birla Sun Life Crisil IBX 60:40 SDL+AAA PSU APR 2026 Index Fund-Regular IDCW Payout,Aditya Birla Sun Life Mutual Fund,Other Scheme - Index Funds,1.38,13335
151012,-0.0555443868137448,-0.022958959093889,,,0.0466034730811399,-0.114193736678724,-1.7801025032930835,2022-11-28,2026-08-06,HSBC Gilt Fund - Regular Quarterly IDCW,HSBC Mutual Fund,Debt Scheme - Gilt Fund,0.7,10940
151056,0.0215258673295632,0.0498512675844242,,,0.0703821161969846,-0.1324186440574658,-0.1441947608845915,2022-11-28,2026-08-06,HSBC Equity Savings Fund - Regular Monthly IDCW,HSBC Mutual Fund,Hybrid Scheme - Equity Savings,1.28,23805
151102,0.0014424294418051,0.0002215459250403,,,0.0068680145838214,-0.0070853114659762,-8.703891546150173,2022-11-28,2026-08-06,HSBC Banking and PSU Debt Fund - Regular Daily IDCW,HSBC Mutual Fund,Income/Debt Oriented Schemes - Banking and PSU Debt Fund,0.63,6824
151123,0.0034160915688778,0.0583493967594135,,,0.1283818784672342,-0.2137259783202818,-0.0128569799748469,2022-11-28,2026-08-06,HSBC Aggressive Hybrid Fund - Direct IDCW,HSBC Mutual Fund,Hybrid Scheme - Aggressive Hybrid Fund,1.19,16905
151130,0.1280548869123401,0.1662634041149184,,,0.1729940906062046,-0.2716391483334071,0.6142603122600951,2022-11-28,2026-08-06,HSBC Small Cap Fund - Direct Growth,HSBC Mutual Fund,Equity Scheme - Small Cap Fund,1.69,13404
151149,0.0559203792007119,0.0734695912356269,,,0.0118140235207894,-0.0059406325655559,1.140135806562777,2022-11-28,2026-08-06,HSBC Medium Duration Fund - Regular Growth,HSBC Mutual Fund,Debt Scheme - Medium Duration Fund,0.72,12068
151161,0.1249076696642081,0.1818819476634734,,,0.1751856609217156,-0.2673402331853649,0.6957301586340346,2022-11-28,2026-08-06,HSBC NIFTY NEXT 50 INDEX FUND - Regular IDCW,HSBC Mutual Fund,Other Scheme - Index Funds,1.47,20490
151180,0.0553108275604661,0.0725818077854465,,,0.0109840976917449,-0.00612466660081,1.1454566536587103,2022-12-09,2026-08-06,HDFC Nifty G-Sec Jun 2027 Index Fund - Growth Option,HDFC Mutual Fund,Other Scheme - Index Funds,1.43,17160
151184,0.0467636715367341,0.073083129495922,,,0.0226197755752527,-0.0222202705076409,0.5783934262475916,2022-12-22,2026-08-06,UTI CRISIL SDL Maturity April 2033 Index Fund - Regular Plan - Growth Option,UTI Mutual Fund,Other Scheme - Index Funds,1.38,13215
151186,0.0601466980464404,0.069589695559979,,,0.0077709189835105,-0.0042088375685791,1.234049097710047,2022-12-20,2026-04-22,Aditya Birla Sun Life Fixed Term Plan - Series UB (1224 days) - Direct Plan Growth Option,Aditya Birla Sun Life Mutual Fund,Income,1.47,20235
151322,0.0470667007349294,0.0659459622895413,,,0.0126648298605768,-0.0060099819205838,0.4694861561504223,2023-01-23,2026-08-06,TRUSTMF CORPORATE BOND FUND-REGULAR PLAN-GROWTH,Trust Mutual Fund,Debt Scheme - Corporate Bond Fund,0.59,4664
151365,0.0567717244607348,0.0754961809817154,,,0.0100651020109624,-0.0085530383499531,1.5395950249523285,2023-02-16,2026-08-06,Edelweiss CRISIL IBX 50:50 Gilt Plus SDL Short Duration Index fund - Direct Plan - Growth,Edelweiss Mutual Fund,Other Scheme - Index Funds,1.33,9645
151436,0.0580118507421143,0.0752658274450353,,,0.0090647683914544,-0.0037119737394556,1.6840835624026185,2023-03-01,2026-08-06,AXIS CRISIL IBX 50:50 Gilt Plus SDL September 2027 Index Fund- DIRECT PLAN- IDCW,Axis Mutual Fund,Other Scheme - Index Funds,1.36,12090
151439,0.0539292729066207,0.0746018963418755,,,0.0132631527902432,-0.0114088826864094,1.100937052660441,2023-03-08,2026-08-06,Nippon India Nifty G-Sec Oct 2028 Maturity Index Fund-Regular Plan-Growth Option,Nippon India Mutual Fund,Other Scheme - Index Funds,1.43,16995
151547,0.1245915562095014,0.0929222950151018,,,0.0380664171507026,-0.0341822248989073,0.8648645572490965,2023-03-29,2026-08-06,Bandhan US Treasury Bond 0-1 year specific Debt Passive FOF- REGULAR PLAN- IDCW,Bandhan Mutual Fund,Other Scheme - FoF Overseas,1.48,21195
151562,0.0589151189045051,0.0765043815773409,,,0.009585361576857,-0.003602105846495,1.721831925171106,2023-03-13,2026-08-06,Aditya Birla Sun Life Nifty SDL SEP 2027 Index Fund-Direct Growth,Aditya Birla Sun Life Mutual Fund,Other Scheme - Index Funds,1.36,12075
151564,0.0537058188165571,0.0698921909897101,,,0.0083011226356356,-0.003017616083294,1.191669057778309,2023-03-21,2026-08-06,HDFC FMP 1269D March 2023 - Growth Option,HDFC Mutual Fund,Income,1.48,21000
151582,0.0509303012557758,0.0691798732699551,,,0.0111661523742815,-0.0069520779095555,0.8221160666854844,2023-03-16,2026-08-06,Aditya Birla Sun Life Crisil IBX Gilt Apr 2028 Index Fund-Regular IDCW,Aditya Birla Sun Life Mutual Fund,Other Scheme - Index Funds,1.39,13905
151612,0.0160753479117783,0.1268914955075939,,,0.1401459679297878,-0.2280385078219013,0.4772987514068624,2023-06-19,2026-08-06,NJ ELSS Tax Saver Scheme Direct IDCW,NJ Mutual Fund,Equity Schemes - ELSS- Tax Saver Fund,1.53,13848
151623,-0.1340144811350642,-0.0023111581434526,,,0.1062171562213033,-0.1802405174321854,-0.5866392997156444,2023-03-31,2026-04-15,Union Fixed Maturity Plan - Series 13 - Regular Plan - IDCW Payout Option,Union Mutual Fund,IDF,1.49,21690
151714,0.007093160259499,0.1376698910581113,,,0.1392462474635518,-0.1894928256854666,0.557788037185287,2023-04-13,2026-08-06,quant Dynamic Asset Allocation Fund - Growth Option - Regular Plan,quant Mutual Fund,Hybrid Scheme - Dynamic Asset Allocation or Balanced Advantage,1.19,17325
151727,0.0958681627412545,0.174375103678418,,,0.1846016601708939,-0.2618520509040348,0.6195778714694977,2023-04-21,2026-08-06,HDFC NIFTY Smallcap 250 Index Fund - Growth Option - Direct Plan,HDFC Mutual Fund,Other Scheme - Index Funds,1.32,9360
151750,0.3033440462618946,0.4150136442219303,,,0.2526410703273177,-0.3454076572108708,1.4052095479249689,2023-06-02,2026-08-06,HDFC Defence Fund - Growth Option - Direct Plan,HDFC Mutual Fund,Equity Scheme - Sectoral/ Thematic,1.8,11580
151780,0.024039193148257,0.1205488791311226,,,0.192548867039709,-0.3177294712848167,0.3144598047343264,2023-06-20,2026-08-06,Kotak Nifty 200 Momentum 30 Index Fund - Regular Plan - IDCW Payout,Kotak Mahindra Mutual Fund,Other Scheme - Index Funds,1.3,7590
151795,0.0629100444815853,0.073671347952531,,,0.0194896932778903,-0.0180225927559999,0.7014655262964136,2023-06-26,2026-08-06,Edelweiss Multi Asset Allocation Fund - Regular Plan - Growth,Edelweiss Mutual Fund,Hybrid Scheme - Multi Asset Allocation,1.14,13185
151796,0.091775514738847,0.1816797564663244,,,0.1501944030753632,-0.1811928141379583,0.8101484074960433,2023-07-06,2026-07-31,,,,1.34,10440
151797,0.0755768749933469,0.1634104373884486,,,0.1501855779279672,-0.1880418312343194,0.6885510500751735,2023-07-06,2026-07-31,,,,1.34,10440
151798,0.091775514738847,0.1816797564663244,,,0.1501944588195801,-0.1811928141379583,0.8101481068119243,2023-07-06,2026-07-31,,,,1.34,10440
151799,0.0755768749933469,0.1634104373884486,,,0.1501855779279672,-0.1880418312343194,0.6885510500751735,2023-07-06,2026-07-31,,,,1.34,10440
151837,0.062330953497844,0.0680464731404979,,,0.0017568759315807,-7.508079346252305e-05,4.579989398146123,2023-07-05,2026-08-06,Bajaj Finserv Liquid Fund - Regular Plan - Growth,Bajaj Finserv Mutual Fund,Debt Scheme - Liquid Fund,0.31,22440
151841,0.0005419411846989,0.009803527389945,,,0.0107217809793759,-0.0037517597817556,-4.681728968966173,2023-07-05,2026-08-06,Bajaj Finserv Liquid Fund - Regular Plan - Fortnightly - IDCW,Bajaj Finserv Mutual Fund,Debt Scheme - Liquid Fund,0.27,7680
151849,0.0538435101233381,0.0615874657397856,,,0.0013599230378204,0.0,1.1673202788959909,2023-07-05,2026-08-06,Bajaj Finserv Overnight Fund - Direct Plan - Growth,Bajaj Finserv Mutual Fund,Debt Scheme - Overnight Fund,0.66,8384
151862,-0.0155893585247935,,,,0.049545623081915,-0.0501833897244887,,2023-08-14,2026-08-06,HDFC Charity Fund for Cancer Cure - IDCW Option - Direct Plan - 50% IDCW Donation Option,HDFC Mutual Fund,Income,1.39,14340
151903,0.1462553971648754,,,,0.1797906940925122,-0.242603550295858,,2023-09-13,2026-08-06,Union Innovation & Opportunities Fund - Regular Plan - Growth Option,Union Mutual Fund,Equity Scheme - Sectoral/ Thematic,1.8,11568
151953,0.0406900846006945,0.0906028645099983,,,0.068907786831636,-0.0747465839617126,0.4441132986141467,2023-07-31,2026-08-06,LIC MF Equity Savings Fund-Direct Plan-Monthly IDCW,LIC Mutual Fund,Hybrid Scheme - Equity Savings,1.15,14325
152043,-0.0885053595364352,,,,0.2221110758708147,-0.430140944000106,,2023-09-01,2026-08-06,Bandhan Nifty IT Index Fund - Regular Plan - Growth,Bandhan Mutual Fund,Other Scheme - Index Funds,1.36,11925
152073,0.0805491548292494,,,,0.0728408813389548,-0.0666971733781431,,2023-10-03,2026-08-06,360 ONE Balanced Hybrid Fund - Direct Plan - IDCW,360 ONE Mutual Fund,Hybrid Scheme - Balanced Hybrid Fund,1.26,22140
152101,0.0571094625630181,,,,0.0226735834952382,-0.0210976010515938,,2023-10-13,2026-08-06,Kotak Nifty G-Sec July 2033 Index Fund - Regular Plan - IDCW Payout,Kotak Mahindra Mutual Fund,Other Scheme - Index Funds,1.3,7695
152110,0.0591248543096101,,,,0.0101402210208112,-0.0057505222073349,,2023-11-03,2026-08-06,Parag Parikh Arbitrage Fund - Regular Plan Growth,PPFAS Mutual Fund,Hybrid Scheme - Arbitrage Fund,1.13,12660
152153,0.0512302789954062,,,,0.0020472037876425,0.0,,2023-10-25,2026-08-06,Helios Overnight Fund - Regular Plan - Growth Option,Helios Mutual Fund,Income/Debt Oriented Schemes - Overnight Fund,0.67,9440
152180,0.0844646974509695,,,,0.2251771580480684,-0.3203718788086649,,2023-11-10,2026-08-06,Bandhan Nifty Alpha 50 Index Fund - Regular Plan - IDCW,Bandhan Mutual Fund,Other Scheme - Index Funds,1.43,17325
152185,-0.0143913707451902,,,,0.1140300622624584,-0.1718213058419243,,2024-01-04,2026-08-06,Samco Dynamic Asset Allocation Fund - Regular Plan - IDCW Option,Samco Mutual Fund,Hybrid Scheme - Dynamic Asset Allocation or Balanced Advantage,1.12,12120
152187,-0.0143913707451902,,,,0.1141679039524572,-0.1718213058419243,,2024-01-04,2026-08-06,Samco Dynamic Asset Allocation Fund - Regular Plan - Growth Option,Samco Mutual Fund,Hybrid Scheme - Dynamic Asset Allocation or Balanced Advantage,1.21,18825
152206,0.1893364437518636,,,,0.1689160704220897,-0.1468729427254772,,2023-12-11,2026-08-06,DSP Banking & Financial Services Fund - Direct - Growth,DSP Mutual Fund,Equity Scheme - Sectoral/ Thematic,1.85,13824
152267,0.060895059953044,,,,0.0231800228440113,-0.0177588543322234,,2023-12-26,2026-08-06,Aditya Birla Sun Life Crisil IBX Gilt Apr 2033 Index Fund-Direct Growth,Aditya Birla Sun Life Mutual Fund,Other Scheme - Index Funds,1.47,20220
152292,0.9040805625031574,,,,0.4273174601236434,-0.4302144674350006,,2024-01-24,2026-08-06,Tata Silver ETF Fund of Fund Regular Plan IDCW Reinvestment Option,Tata Mutual Fund,Other Scheme - FoF Domestic,1.43,17250
152315,0.1026759902108132,,,,0.1076854915308271,-0.1327508979807953,,2024-01-29,2026-08-06,Sundaram Multi Asset Allocation Fund Regular Plan IDCW Payout,Sundaram Mutual Fund,Hybrid Scheme - Multi Asset Allocation,1.24,20805
152369,0.0303429221614888,,,,0.0294480946413044,-0.0278018354757347,,2024-02-01,2026-08-06,UTI Nifty 10 yr Benchmark G-Sec ETF,UTI Mutual Fund,Other Scheme - Other  ETFs,1.32,8820
152371,0.100254224598171,,,,0.1399989268814465,-0.1809077486037106,,2024-02-06,2026-08-06,SBI Nifty50 Equal Weight Index Fund - Direct Plan - Income Distribution Cum Capital Withdrawal Option,SBI Mutual Fund,Other Scheme - Index Funds,1.42,16545
152382,0.0534966977386446,,,,0.1431499148364078,-0.1545667447306792,,2024-02-16,2026-08-06,PGIM India Large and Midcap Fund - Direct Plan - Growth Option,PGIM India Mutual Fund,Equity Scheme - Large & Mid Cap Fund,1.58,20085
152387,0.046838209919485,,,,0.164913910824409,-0.1839651482726995,,2024-02-26,2026-08-06,Nippon India Nifty Bank Index Fund - Regular Plan - Growth Option,Nippon India Mutual Fund,Other Scheme - Index Funds,1.44,18210
152399,0.1503074938875099,,,,0.0906146888224307,-0.093641506441323,,2024-03-01,2026-08-06,Bank of India Multi Asset Allocation Fund-Direct Plan-IDCW,Bank of India Mutual Fund,Hybrid Scheme - Multi Asset Allocation,1.25,21540
152408,0.0704678198230166,,,,0.1359072747889851,-0.1620063867902484,,2024-02-29,2026-08-06,Bajaj Finserv Large and Mid Cap Fund- Direct Plan- Growth,Bajaj Finserv Mutual Fund,Equity Scheme - Large & Mid Cap Fund,1.55,17805
152418,0.09274755575538,,,,0.1850471038701089,-0.2832304219367261,,2024-03-01,2026-08-06,SBI Energy Opportunities Fund - Regular Plan - Growth,SBI Mutual Fund,Equity Scheme - Sectoral/ Thematic,1.77,9972
152421,-0.0138867107091646,,,,0.1362384333540203,-0.1609246818135781,,2024-02-29,2026-08-06,Axis BSE Sensex Index Fund - Regular Plan - Growth,Axis Mutual Fund,Other Scheme - Index Funds,1.38,13275
152457,0.064451261799364,,,,0.2039468050263189,-0.3141931194947649,,2024-03-04,2026-08-06,Mirae Asset Nifty Smallcap 250 Momentum Quality 100 ETF Fund of Fund - Regular Plan - Growth,Mirae Asset Mutual Fund,Other Scheme - FoF Domestic,1.49,21915
152492,0.0253028326775794,,,,0.0441025362705068,-0.0611141014215249,,2024-03-12,2026-08-06,Kotak Long Duration Fund - Direct Plan - IDCW,Kotak Mahindra Mutual Fund,Debt Scheme - Long Duration Fund,0.64,7196
152527,0.0998656419004364,,,,0.0642950848571049,-0.0407117622033552,,2024-03-19,2026-08-06,DSP US Specific Debt Passive FoF - Regular - Growth,DSP Mutual Fund,Other Scheme - FoF Overseas,1.48,21285
152561,0.2228092194644597,,,,0.2047771889796457,-0.2860412818247531,,2024-04-30,2026-08-06,Tata Nifty Auto Index Fund - Regular Plan - IDCW Payout,Tata Mutual Fund,Other Scheme - Index Funds,1.34,10875
152566,0.1853718989907626,,,,0.1607599287402798,-0.1754179491822077,,2024-04-30,2026-08-06,Tata Nifty MidSmall Healthcare Index Fund - Direct Plan - IDCW Reinvestment,Tata Mutual Fund,Other Scheme - Index Funds,1.35,11205
152577,0.0229597954763762,,,,0.1714856175217561,-0.1737917588391886,,2024-04-30,2026-08-06,Tata Nifty Financial Services Index Fund - Direct Plan - Growth,Tata Mutual Fund,Other Scheme - Index Funds,1.41,15840
152614,0.1879282166847418,,,,0.2100152991903397,-0.2436003525877422,,2024-06-24,2026-08-06,JM Small Cap Fund (Direct) - Growth Option,JM Financial Mutual Fund,Equity Scheme - Small Cap Fund,1.51,6324
152657,0.3948262729411069,,,,0.1798475894524903,-0.2919592080320157,,2024-06-12,2026-08-06,SBI Automotive Opportunities Fund - Direct Plan - Growth,SBI Mutual Fund,Equity Scheme - Sectoral/ Thematic,1.86,14280
152712,0.2348107666033076,,,,0.28357600232737,-0.3818017819011855,,2024-07-09,2026-08-06,Motilal Oswal Nifty India Defence Index Fund Direct Plan Growth,Motilal Oswal Mutual Fund,Other Scheme - Index Funds,1.33,9870
152737,0.1193771939068086,,,,0.1526202343433503,-0.1868048604809967,,2024-07-29,2026-08-06,Franklin India Multi Cap Fund - Direct - IDCW,Franklin Templeton Mutual Fund,Equity Scheme - Multi Cap Fund,1.41,23050
152743,-0.1086612667055623,,,,0.2120221792322975,-0.3112656056945801,,2024-07-29,2026-08-06,Tata Nifty India Tourism Index Fund - Direct - IDCW Reinvestment,Tata Mutual Fund,Other Scheme - Index Funds,1.34,10545
152786,0.1612875572875385,,,,0.1139051792654019,-0.1254932912391475,,2024-09-13,2026-08-06,Union Multi Asset Allocation Fund- Regular Plan - Growth Option,Union Mutual Fund,Hybrid Scheme - Multi Asset Allocation,1.14,13845
152804,0.0137806834556597,,,,0.1415963655255049,-0.2176015473887814,,2024-09-18,2026-08-06,Axis Consumption Fund Regular Plan - Growth,Axis Mutual Fund,Equity Scheme - Sectoral/ Thematic,1.83,12672
152821,0.0823849808362691,,,,0.1751214597024481,-0.2017815347118787,,2024-09-13,2026-08-06,ITI Large & Midcap Fund - Direct Plan - Growth,ITI Mutual Fund,Equity Scheme - Large & Mid Cap Fund,1.48,14055
152823,0.0823849808362691,,,,0.1751214597024481,-0.2017815347118787,,2024-09-13,2026-08-06,ITI Large & Midcap Fund - Direct Plan - IDCW Option,ITI Mutual Fund,Equity Scheme - Large & Mid Cap Fund,1.49,14220
152825,0.0649513471799014,,,,0.0041747556726746,-0.0010263427984946,,2024-08-29,2026-08-06,Franklin India Ultra Short Duration Fund - Direct - Growth,Franklin Templeton Mutual Fund,Debt Scheme - Ultra Short Duration Fund,0.65,8276
152832,0.2057722450966557,,,,0.1616037751216248,-0.2090916101172115,,2024-09-30,2026-08-06,HSBC India Export Opportunities Fund - Regular IDCW,HSBC Mutual Fund,Equity Scheme - Sectoral/ Thematic,1.75,9156
152843,0.1669593720752606,,,,0.1473919665982027,-0.1628104781291512,,2024-09-09,2026-08-06,Bandhan BSE Healthcare Index Fund Regular Plan - Growth,Bandhan Mutual Fund,Other Scheme - Index Funds,1.35,11385
152865,0.0280632714719366,,,,0.1609465593533557,-0.1738000298129238,,2024-09-24,2026-08-06,UTI Nifty Private Bank Index Fund - Regular Plan - Growth Option,UTI Mutual Fund,Other Scheme - Index Funds,1.39,14490
152882,0.0570821257759472,,,,0.2081845964594819,-0.3187271157681659,,2024-10-01,2026-08-06,Nippon India Nifty 500 Momentum 50 Index Fund - Regular Plan - IDCW Option,Nippon India Mutual Fund,Other Scheme - Index Funds,1.48,21360
152892,,,,,,,,2024-09-11,2026-08-06,Baroda BNP Paribas Credit risk fund -Defunct -Growth option -Seg-Portfolio 2 (erstwhile BBNPP Medium Duration Fund-Defunct Growth Option Seg.Portfolio1),Baroda BNP Paribas Mutual Fund,Debt Scheme - Credit Risk Fund,0.6,4940
152938,0.3032065009925222,,,,0.188180826946423,-0.2420091324200912,,2024-11-05,2026-08-06,TRUSTMF SMALL CAP FUND -REGULAR PLAN- IDCW,Trust Mutual Fund,Equity Scheme - Small Cap Fund,1.53,7320
152957,-0.8544277216539813,,,,0.7172847429956961,-0.9221332119859472,,2024-10-23,2026-08-06,Groww Gold ETF,Groww Mutual Fund,Equity Schemes - Value Fund,1.45,19050
152993,0.0658018853007755,,,,0.0054129575686451,-0.0010955385138452,,2024-10-29,2026-08-06,Nippon India CRISIL - IBX AAA Financial Services - Dec 2026 Index Fund - Direct Plan - IDCW Option,Nippon India Mutual Fund,Other Scheme - Index Funds,1.39,14505
152995,0.0637542382117695,,,,0.0053756623290712,-0.0011253380742534,,2024-10-29,2026-08-06,Nippon India CRISIL - IBX AAA Financial Services - Dec 2026 Index Fund - Regular Plan - IDCW Option,Nippon India Mutual Fund,Other Scheme - Index Funds,1.42,16290
152996,0.0609425411574235,,,,0.0093089944700759,-0.0047626706698119,,2024-10-29,2026-08-06,Nippon India CRISIL - IBX AAA Financial Services - Jan 2028 Index Fund - Direct Plan - Growth Option,Nippon India Mutual Fund,Other Scheme - Index Funds,1.43,17280
153105,0.0259267169076515,,,,0.0427438733348384,-0.0562838846175642,,2024-12-09,2026-08-06,Mirae Asset Long Duration Fund - Direct Plan - Growth,Mirae Asset Mutual Fund,Debt Scheme - Long Duration Fund,0.74,13652
153112,0.1414585049535357,,,,0.1967009434242895,-0.2676328502415458,,2024-12-23,2026-08-06,Union Active Momentum Fund - Regular Plan - IDCW Option,Union Mutual Fund,Equity Scheme - Sectoral/ Thematic,1.68,5832
153137,0.1937655349215883,,,,0.2823703712403345,-0.2875302103152157,,2024-12-20,2026-08-06,Motilal Oswal Nifty Capital Market Index Fund - Regular Plan - Growth,Motilal Oswal Mutual Fund,Other Scheme - Index Funds,1.46,19260
153138,0.2012328564354355,,,,0.282384531320353,-0.2865690669079246,,2024-12-20,2026-08-06,Motilal Oswal Nifty Capital Market Index Fund - Direct Plan - Growth,Motilal Oswal Mutual Fund,Other Scheme - Index Funds,1.34,10740
153177,0.0662520953762735,,,,0.0037709468407507,-0.0005572082071376,,2024-12-18,2026-08-06,Aditya Birla Sun Life Crisil-IBX Financial Services 3 to 6 Months Debt Index Fund-Regular Growth,Aditya Birla Sun Life Mutual Fund,Other Scheme - Index Funds,1.31,8310
153181,0.0217148422755233,,,,0.1275168161953135,-0.1461342395921834,,2025-01-29,2026-08-06,ICICI Prudential Rural Opportunities Fund - Growth,ICICI Prudential Mutual Fund,Equity Scheme - Sectoral/ Thematic,1.76,9396
153198,0.1178954517386987,,,,0.1587479834328019,-0.1559679037111333,,2025-02-03,2026-08-06,Mirae Asset Small Cap Fund - Regular Plan - Growth,Mirae Asset Mutual Fund,Equity Scheme - Small Cap Fund,1.7,14088
153214,0.05189550816232,,,,0.1370577299311489,-0.1651803417000632,,2025-02-24,2026-08-06,Edelweiss Consumption Fund - Direct - Growth,Edelweiss Mutual Fund,Equity Scheme - Sectoral/ Thematic,1.8,11436
153228,0.1519291072845103,,,,0.1549001006536946,-0.11444051724957,,2025-01-30,2026-08-06,DSP BSE SENSEX Next 30 ETF,DSP Mutual Fund,Other Scheme - Other  ETFs,1.44,17955
153247,0.1245672080930193,,,,0.1308861387225852,-0.1350557793008157,,2025-02-18,2026-08-06,LIC MF Multi Asset Allocation Fund-Direct Plan-IDCW,LIC Mutual Fund,Hybrid Scheme - Multi Asset Allocation,1.28,24270
153271,0.1722238696254274,,,,0.1597343350961346,-0.1218353532487536,,2025-02-18,2026-08-06,UTI Nifty India Manufacturing Index Fund - Regular Plan - Growth Option,UTI Mutual Fund,Other Scheme - Index Funds,1.45,18585
153294,0.0654812417252579,,,,0.0053967548184511,-0.0015845828333806,,2025-02-05,2026-08-06,Bank of India Money Market Fund - Direct - Growth,Bank of India Mutual Fund,Debt Scheme - Money Market Fund,0.26,5070
153305,0.1718270147984755,,,,0.1486317985731661,-0.1149303719372466,,2025-03-05,2026-08-06,Mahindra Manulife Value Fund - Direct Plan - IDCW,Mahindra Manulife Mutual Fund,Equity Scheme - Value Fund,1.49,21615
153323,-0.0845376819677774,,,,0.2451099125279524,-0.3426228509955954,,2025-02-27,2026-08-06,SBI Nifty IT Index Fund - Regular Plan - Growth,SBI Mutual Fund,Other Scheme - Index Funds,1.49,22080
153346,-0.0266882015745936,,,,0.1666238063693835,-0.2093007496505866,,2025-03-06,2026-08-06,DSP Nifty Private Bank Index Fund - Regular - IDCW,DSP Mutual Fund,Other Scheme - Index Funds,1.35,11130
153350,0.1329611645344903,,,,0.1723013685329794,-0.1444944707104712,,2025-03-03,2026-08-06,Bandhan Nifty Next 50 Index Fund - Direct Plan - Growth,Bandhan Mutual Fund,Other Scheme - Index Funds,1.41,15540
153385,-0.006492464454755,,,,0.1884823153378877,-0.2427121919793847,,2025-03-19,2026-08-06,Mirae Asset BSE Select IPO ETF Fund of Fund - Direct Plan - Growth,Mirae Asset Mutual Fund,Other Scheme - FoF Domestic,1.31,8280
153390,-0.0041071764443153,,,,0.0499325921071557,-0.0625845549398617,,2025-03-11,2026-08-06,Bandhan CRISIL-IBX 10:90 Gilt Plus SDL Index - Dec 2029 Fund-Direct Plan-IDCW,Bandhan Mutual Fund,Other Scheme - Index Funds,1.33,9720
153396,0.1529194504577202,,,,0.1821961568186141,-0.1975938635446105,,2025-04-21,2026-08-06,ICICI Prudential Nifty EV & New Age Automotive ETF FOF - Growth,ICICI Prudential Mutual Fund,Other Scheme - FoF Domestic,1.5,22350
153438,0.0541294397652878,,,,0.0012938669868568,-2.819305700241248e-05,,2025-03-28,2026-08-06,Bajaj Finserv Overnight Fund - Direct - Unclaimed less than 3 years Redemption Plan,Bajaj Finserv Mutual Fund,Debt Scheme - Overnight Fund,0.7,10988
153444,0.0628802425090906,,,,0.0060448718064109,-0.0024912943617099,,2025-03-24,2026-08-06,Aditya Birla Sun Life Crisil-IBX Financial Services 9-12 Months Debt Index Fund-Direct IDCW Payout,Aditya Birla Sun Life Mutual Fund,Other Scheme - Index Funds,1.32,9285
153533,-0.0711766496126459,,,,0.1189178768830489,-0.1599607458292442,,2025-06-30,2026-08-06,Samco Large & Mid Cap Fund - Regular Plan - Growth Option,Samco Mutual Fund,Equity Scheme - Large & Mid Cap Fund,1.61,21375
153543,0.0714713929137844,,,,0.1292784202626732,-0.1318185281121437,,2025-06-09,2026-08-06,Unifi Flexi Cap Fund - Direct Growth,Unifi Mutual Fund,Equity Scheme - Flexi Cap Fund,1.5,33940
153566,0.1450504629994813,,,,0.1363589217181587,-0.1144823387238125,,2025-06-12,2026-08-06,Nippon India BSE Sensex Next 30 Index Fund - Regular Plan-Growth Option,Nippon India Mutual Fund,Other Scheme - Index Funds,1.5,22140
153574,0.0418867566804619,,,,0.0153630984384087,-0.0105542959893674,,2025-06-16,2026-08-06,Union Income Plus Arbitrage Active FOF - Regular Plan - IDCW Option,Union Mutual Fund,Other Scheme - FoF Domestic,1.32,8700
153578,0.0970152331857121,,,,0.1574472821590995,-0.1424291225047751,,2025-06-25,2026-08-06,Tata Nifty Midcap 150 Index Fund - Regular Plan - IDCW Reinvestment Option,Tata Mutual Fund,Other Scheme - Index Funds,1.33,10125
153588,-0.0866556515805696,,,,0.242475575037248,-0.3426199424943329,,2025-06-20,2026-08-06,DSP Nifty IT Index Fund - Regular - Growth,DSP Mutual Fund,Other Scheme - Index Funds,1.46,19215
153596,0.0560658295585743,,,,0.1369259556862773,-0.149214052319174,,2025-07-01,2026-08-06,Motilal Oswal BSE 1000 Index Fund - Direct Plan - Growth,Motilal Oswal Mutual Fund,Other Scheme - Index Funds,1.43,17310
153653,0.0072486125061583,,,,0.0427291865137465,-0.0427985965179191,,2025-07-18,2026-08-06,Union Low Duration Fund - Regular Plan - IDCW Option,Union Mutual Fund,Debt Scheme - Low Duration Fund,0.71,11600
153660,0.0492418498025808,,,,0.1341144222452041,-0.1579349174539555,,2025-07-18,2026-08-06,KOTAK NIFTY 200 QUALITY 30 INDEX FUND - DIRECT PLAN - GROWTH,Kotak Mahindra Mutual Fund,Other Scheme - Index Funds,1.41,15840
153662,0.0266157612776032,,,,0.1776612335412519,-0.1611646503998358,,2025-07-15,2026-08-06,SBI Nifty200 Momentum 30 Index Fund- Direct Plan- Growth,SBI Mutual Fund,Other Scheme - Index Funds,1.46,19620
153665,0.0266052866615449,,,,0.177652971829438,-0.1611369317294172,,2025-07-15,2026-08-06,SBI Nifty200 Momentum 30 Index Fund- Direct Plan- Income Cum Distribution Capital Withdrawal Option (IDCW),SBI Mutual Fund,Other Scheme - Index Funds,1.44,17880
153778,,,,,0.153233415075694,-0.147809717374826,,2025-09-09,2026-08-06,Edelweiss Multi Asset Omni Fund of Fund- Regular Plan - IDCW,Edelweiss Mutual Fund,Other Scheme - FoF Domestic,1.38,13800
153780,0.4584222924154146,,,,0.2692548305078611,-0.2206357922643322,,2025-07-31,2026-08-06,Motilal Oswal Gold ETF,Motilal Oswal Mutual Fund,Other Scheme - Gold ETF,1.39,14265
153784,,,,,0.1926683973640061,-0.1541482572410407,,2025-08-22,2026-08-06,Kotak Nifty Alpha 50 Index Fund - Regular Plan - Growth,Kotak Mahindra Mutual Fund,Other Scheme - Index Funds,1.42,16725
153856,,,,,0.1794597103478165,-0.1465416517801102,,2025-10-07,2026-08-06,Tata Nifty Next 50 Index Fund - Regular Plan IDCW Reinvestment Option,Tata Mutual Fund,Other Scheme - Index Funds,1.47,20040
153861,,,,,0.1358386224795959,-0.1380485316341164,,2025-09-30,2026-08-06,HDFC Diversified Equity All Cap Active FOF - Regular Plan - Growth Plan,HDFC Mutual Fund,Other Scheme - FoF Domestic,1.44,18030
153878,,,,,0.0061211459440992,-0.0024257535782281,,2025-09-30,2026-08-06,Kotak CRISIL-IBX Financial Services 9 to 12 Months Debt Index Fund - Regular - IDCW,Kotak Mahindra Mutual Fund,Other Scheme - Index Funds,1.37,13095
153888,,,,,0.0020260070520546,-0.0001032094905374,,2025-10-16,2026-08-06,THE WEALTH COMPANY LIQUID FUND REGULAR GROWTH,The Wealth Company Mutual Fund,Debt Scheme - Liquid Fund,0.28,10980
153923,,,,,0.1863584393355283,-0.1826437640029874,,2025-10-29,2026-08-06,Groww Nifty Smallcap250 ETF,Groww Mutual Fund,Equity Schemes - Value Fund,1.42,16800
153927,,,,,0.0065680324605492,-0.0013042251053601,,2025-11-17,2026-08-06,Axis Income Plus Arbitrage Passive FOF - Regular Plan - Growth Option,Axis Mutual Fund,Other Scheme - FoF Domestic,1.38,13605
153946,,,,,0.1890029572854083,-0.1717402053459759,,2025-11-10,2026-08-06,Mirae Asset Nifty Smallcap 250 ETF,Mirae Asset Mutual Fund,Other Scheme - Other  ETFs,1.46,19590
153980,,,,,0.0136327997430954,-0.0071979534467496,,2025-11-14,2026-08-06,Old Bridge Arbitrage Fund Regular IDCW,Old Bridge Mutual Fund,Hybrid Scheme - Arbitrage Fund,1.24,21165
154077,,,,,0.5162485660490671,-0.3372512623026895,,2026-01-01,2026-08-06,Axis Gold and Silver Passive FOF - Regular Plan - Growth,Axis Mutual Fund,Other Scheme - FoF Domestic,1.49,21945
154079,,,,,0.0110241239619478,-0.0024019317727301,,2026-01-22,2026-08-06,JioBlackRock Short Duration Fund - Direct Plan - Growth Option,Jio BlackRock Mutual Fund,Debt Scheme - Short Duration Fund,0.7,10784
154083,,,,,0.0,0.0,,2025-12-16,2026-08-06,quant Overnight Fund - Unclaimed IDCW Greater than 3 years,quant Mutual Fund,Debt Scheme - Overnight Fund,0.69,10364
154098,,,,,0.1577345454249697,-0.1243687493811268,,2026-02-03,2026-08-06,Kotak Dividend Yield Fund - Regular IDCW,Kotak Mahindra Mutual Fund,Equity Scheme - Dividend Yield Fund,1.35,11505
154127,,,,,0.0076426041371385,-0.0013664022334287,,2026-01-13,2026-08-06,Sundaram Income Plus Arbitrage Active FoF Fund-Regular-Growth,Sundaram Mutual Fund,Other Scheme - FoF Domestic,1.36,12300
154133,,,,,0.2560146903273612,-0.1946557040082219,,2026-02-04,2026-08-06,THE WEALTH COMPANY GOLD ETF FOF REGULAR GROWTH,The Wealth Company Mutual Fund,Other Scheme - FoF Domestic,1.33,10035
154174,,,,,0.1712732394147486,-0.0949416864881453,,2026-02-13,2026-08-06,Groww Nifty PSE ETF FOF Regular IDCW,Groww Mutual Fund,Equity Schemes - Value Fund,1.42,16200
154177,,,,,0.1431373924926702,-0.0937571826875993,,2026-02-23,2026-08-06,SBI Quality Fund - Direct Plan - Growth,SBI Mutual Fund,Equity Scheme - Sectoral/ Thematic,1.86,14496
154209,,,,,0.2648766156848627,-0.1597750612232558,,2026-03-06,2026-08-06,Edelweiss Gold ETF Fund of Fund Regular Plan Growth Option,Edelweiss Mutual Fund,Other Scheme - FoF Domestic,1.38,13335
154224,,,,,0.2254029150116212,-0.1466734238731123,,2026-03-04,2026-08-06,Aditya Birla Sun Life BSE Top 10 Banks ETF,Aditya Birla Sun Life Mutual Fund,Equity Schemes - Value Fund,1.41,15540
154251,,,,,0.1609466542905282,-0.0631970260223048,,2026-03-23,2026-08-06,Canara Robeco Banking and Financials Services Fund - Direct Plan - IDCW,Canara Robeco Mutual Fund,Equity Scheme - Sectoral/ Thematic,1.64,3648
154279,,,,,0.3673803696984967,-0.2443915973047958,,2026-03-25,2026-08-06,Mirae Asset Silver ETF FOF - Direct Plan - Growth,Mirae Asset Mutual Fund,Other Scheme - FoF Domestic,1.49,21855
154294,,,,,0.2110138985648416,-0.1258334718704817,,2026-03-27,2026-08-06,HSBC Gold ETF,HSBC Mutual Fund,Other Scheme - Gold ETF,1.42,16350
154323,,,,,0.0367601265465096,-0.0136317937193212,,2026-04-29,2026-08-06,Groww Arbitrage Fund Direct IDCW,Groww Mutual Fund,Hybrid Schemes - Arbitrage Fund,1.15,14025
154349,,,,,0.1963619040446791,-0.0882576693177888,,2026-05-25,2026-08-06,Axis Nifty Capital Markets Index Fund- Regular Plan,Axis Mutual Fund,Other Scheme - Index Funds,1.32,8730
154350,,,,,0.1610448835177557,-0.0432411007511984,,2026-05-27,2026-08-06,Groww Nifty Private Bank Index Fund Regular Growth,Groww Mutual Fund,Index Funds - Equity Funds,1.42,16515
154438,,,,,0.0226329135532763,-0.0004493708807669,,2026-07-27,2026-08-06,ALPHAGREP MULTI ASSET ALLOCATION FUND-DIRECT-GROWTH,AlphaGrep Mutual Fund,Hybrid Schemes - Multi Asset Allocation Fund,1.25,21675
154521,,,,,0.0008297238190185,0.0,,2026-07-21,2026-08-06,Abakkus Liquid Fund - Unclaimed Redemption Less than 3 Years,Abakkus Mutual Fund,Income/Debt Oriented Schemes - Liquid Fund,0.28,11070
